Rk,Player,Age,Team,Pos,G,GS,MP,PER,TS%,3PAr,FTr,ORB%,DRB%,TRB%,AST%,STL%,BLK%,TOV%,USG%,OWS,DWS,WS,WS/48,OBPM,DBPM,BPM,VORP,Awards,Player-additional
1,Mikal Bridges,28,NYK,SF,67,67,2531,13.7,.583,.410,.088,2.7,6.9,4.8,13.0,1.2,1.4,9.3,19.1,3.0,1.6,4.5,.086,0.3,-1.0,-0.7,0.9,,bridgmi01
2,Anthony Edwards,23,MIN,SG,67,67,2442,19.9,.592,.493,.311,2.2,15.2,8.8,21.3,1.5,1.6,12.2,31.5,3.6,3.1,6.8,.133,4.3,-0.2,4.1,3.8,,edwaran01
3,Josh Hart,29,NYK,SG,64,64,2417,16.9,.622,.325,.273,6.6,22.7,14.8,20.0,1.9,0.9,15.5,15.5,4.9,3.1,7.9,.158,1.4,1.5,3.0,3.0,,hartjo01
4,Devin Booker,28,PHO,SG,63,63,2357,19.7,.594,.407,.361,3.1,8.9,6.1,29.8,1.3,0.6,11.4,28.9,5.6,0.6,6.2,.127,2.9,-2.1,0.8,1.7,,bookede01
5,James Harden,35,LAC,PG,66,66,2316,19.3,.570,.529,.450,2.2,16.5,9.4,37.2,2.1,1.8,18.4,29.9,2.6,3.5,6.1,.126,3.0,0.5,3.5,3.2,,hardeja01
6,Trae Young,26,ATL,PG,64,64,2311,17.6,.560,.464,.406,1.4,8.4,4.8,46.2,1.5,0.4,18.3,29.8,2.9,1.1,4.0,.084,2.7,-2.9,-0.2,1.0,,youngtr01
7,Jalen Green,22,HOU,SG,69,69,2307,15.2,.547,.470,.221,1.7,13.1,7.3,15.9,1.3,0.9,11.6,27.1,1.8,2.8,4.6,.097,1.3,-0.5,0.8,1.6,,greenja05
8,Jayson Tatum,26,BOS,PF,63,63,2307,21.9,.588,.503,.307,2.0,24.0,13.0,26.5,1.5,1.3,11.3,31.1,4.8,3.6,8.4,.174,4.6,0.7,5.4,4.3,,tatumja01
9,Tyler Herro,25,MIA,SG,65,65,2306,19.0,.592,.514,.226,1.3,15.1,8.2,27.6,1.2,0.7,11.4,28.1,3.4,2.1,5.5,.114,3.5,-0.9,2.7,2.7,,herroty01
10,Bam Adebayo,27,MIA,C,66,66,2272,18.4,.557,.191,.301,8.0,23.4,15.8,20.2,1.8,2.0,12.1,23.0,2.6,3.3,5.9,.124,0.5,0.9,1.4,1.9,,adebaba01
11,Jaden McDaniels,24,MIN,PF,70,70,2271,13.9,.571,.377,.153,5.7,14.8,10.3,9.3,2.2,2.5,9.3,16.4,2.5,3.5,5.9,.125,-1.0,1.5,0.5,1.4,,mcdanja02
12,Shai Gilgeous-Alexander,26,OKC,PG,66,66,2268,31.1,.645,.268,.416,2.9,12.6,7.8,30.7,2.5,3.1,9.1,34.7,10.7,4.2,14.9,.316,8.9,2.7,11.6,7.8,,gilgesh01
13,Nikola Jokić,29,DEN,C,62,62,2263,32.0,.659,.236,.319,9.1,28.6,19.3,44.0,2.3,1.7,12.9,29.4,11.2,3.3,14.6,.309,9.9,3.3,13.2,8.7,,jokicni01
14,Cade Cunningham,23,DET,PG,64,64,2247,20.1,.561,.296,.258,2.4,16.4,9.5,42.9,1.4,2.0,16.5,32.8,2.6,2.8,5.4,.115,3.4,0.0,3.3,3.0,,cunnica01
15,Christian Braun,23,DEN,SG,67,65,2243,15.9,.658,.270,.266,4.3,11.9,8.3,9.4,1.6,1.4,7.8,15.8,5.1,1.6,6.7,.143,0.7,-0.5,0.2,1.2,,braunch01
16,De'Aaron Fox,27,2TM,PG,62,62,2241,18.3,.560,.328,.273,2.7,12.0,7.3,27.1,2.0,1.1,11.8,28.2,2.7,1.7,4.4,.095,1.3,-1.0,0.3,1.3,,foxde01
16,De'Aaron Fox,27,SAC,PG,45,45,1663,18.9,.567,.324,.279,3.0,12.1,7.5,25.9,1.9,1.2,11.8,28.9,2.2,1.4,3.6,.103,2.0,-0.8,1.2,1.3,,foxde01
16,De'Aaron Fox,27,SAS,PG,17,17,578,16.3,.537,.339,.257,1.7,11.8,6.8,30.7,2.1,0.8,11.6,26.0,0.5,0.4,0.9,.071,-0.5,-1.5,-2.0,0.0,,foxde01
17,OG Anunoby,27,NYK,PF,61,61,2237,14.1,.577,.457,.206,4.3,10.6,7.5,8.1,1.9,2.2,8.6,18.6,2.5,2.2,4.7,.101,0.0,-0.1,-0.1,1.1,,anunoog01
18,Michael Porter Jr.,26,DEN,SF,66,66,2231,16.3,.613,.457,.183,6.1,16.1,11.4,8.6,0.9,1.2,7.8,20.2,4.1,1.5,5.6,.120,1.7,-1.9,-0.2,1.0,,portemi01
19,DeMar DeRozan,35,SAC,SF,62,62,2221,18.0,.581,.188,.337,2.0,10.5,6.2,17.4,1.2,1.1,7.0,24.5,4.7,1.3,6.0,.129,1.2,-1.1,0.1,1.1,,derozde01
20,Jamal Murray,27,DEN,PG,61,61,2220,17.9,.587,.359,.221,2.1,9.0,5.7,23.0,1.9,1.2,10.2,23.7,4.4,1.5,5.9,.128,1.8,-1.0,0.8,1.6,,murraja01
21,Keegan Murray,24,SAC,PF,64,64,2216,11.6,.546,.537,.095,6.5,15.4,10.9,5.5,1.1,2.4,6.8,15.0,1.9,1.7,3.6,.078,-1.1,-1.0,-2.1,-0.1,,murrake02
22,Derrick White,30,BOS,SG,65,65,2199,16.5,.605,.707,.168,2.8,11.2,7.0,18.8,1.4,2.9,10.6,20.0,4.3,2.7,7.0,.153,2.7,0.6,3.3,2.9,,whitede01
23,Ivica Zubac,27,LAC,C,67,67,2187,21.9,.634,.000,.247,13.1,30.1,21.6,12.5,1.1,3.6,11.4,19.4,5.3,3.9,9.2,.202,1.8,0.6,2.5,2.5,,zubaciv01
24,Pascal Siakam,30,IND,PF,66,66,2172,19.9,.609,.283,.265,6.0,18.5,12.3,15.3,1.3,1.4,7.5,24.4,4.8,1.9,6.7,.149,2.6,-0.7,2.0,2.2,,siakapa01
25,Dyson Daniels,21,ATL,SG,64,64,2166,15.3,.537,.252,.161,5.0,13.3,9.0,17.6,4.2,2.0,12.9,18.2,0.9,3.1,4.0,.089,-1.4,2.6,1.2,1.7,,daniedy01
26,Toumani Camara,24,POR,PF,66,66,2164,12.0,.566,.485,.182,7.5,12.1,9.8,9.3,2.2,1.9,13.4,14.0,1.9,2.1,3.9,.087,-1.3,0.7,-0.6,0.7,,camarto01
27,Jalen Brunson,28,NYK,PG,61,61,2162,22.1,.606,.321,.373,1.3,8.1,4.8,32.6,1.3,0.3,10.4,29.6,6.9,1.3,8.2,.181,4.8,-1.4,3.3,2.9,,brunsja01
28,Brook Lopez,36,MIL,C,67,67,2126,14.3,.617,.506,.176,4.7,11.9,8.4,7.5,1.0,5.5,9.0,15.4,2.8,2.6,5.4,.123,0.2,0.6,0.8,1.5,,lopezbr01
29,Anfernee Simons,25,POR,SG,65,65,2123,15.4,.567,.528,.174,1.0,8.1,4.5,23.5,1.3,0.2,10.8,24.7,3.0,1.0,4.0,.091,1.9,-1.6,0.3,1.2,,simonan01
30,Tyrese Haliburton,24,IND,PG,62,62,2107,21.2,.610,.561,.213,1.9,9.7,5.9,37.5,2.1,1.6,10.0,21.4,6.6,1.8,8.3,.190,5.3,-0.1,5.2,3.9,,halibty01
31,Dillon Brooks,29,HOU,SF,65,65,2098,10.7,.546,.518,.139,3.6,9.3,6.4,7.6,1.2,0.6,7.3,17.6,2.2,2.3,4.5,.103,-1.6,0.0,-1.6,0.2,,brookdi01
32,Karl-Anthony Towns,29,NYK,C,60,60,2097,23.8,.634,.292,.331,10.2,32.1,21.3,13.7,1.4,2.0,11.9,26.9,5.7,3.2,8.9,.204,3.8,0.1,3.9,3.1,,townska01
33,Damian Lillard,34,MIL,PG,58,58,2093,21.3,.621,.528,.396,1.6,12.0,7.0,30.0,1.6,0.4,12.2,27.6,5.7,2.1,7.8,.179,4.5,-0.7,3.8,3.1,,lillada01
34,Zach LaVine,29,2TM,SF,60,60,2089,18.1,.645,.437,.251,0.9,12.8,6.9,19.3,1.2,0.5,13.5,25.6,3.2,1.2,4.4,.101,2.5,-1.4,1.1,1.6,,lavinza01
34,Zach LaVine,29,CHI,SF,42,42,1432,18.5,.637,.430,.256,0.9,13.7,7.4,20.9,1.3,0.6,13.3,26.6,2.0,0.9,2.9,.099,2.6,-1.2,1.4,1.2,,lavinza01
34,Zach LaVine,29,SAC,SG,18,18,657,17.2,.664,.455,.237,0.8,10.7,5.8,15.8,1.0,0.3,14.0,23.3,1.2,0.3,1.5,.107,2.4,-2.0,0.4,0.4,,lavinza01
35,Tobias Harris,32,DET,PF,65,65,2087,13.7,.567,.327,.208,3.3,17.6,10.5,9.4,1.4,2.3,8.3,17.5,2.1,2.7,4.8,.111,-0.7,0.5,-0.2,1.0,,harrito02
36,Kelly Oubre Jr.,29,PHI,SF,60,57,2078,13.6,.551,.327,.250,5.1,15.6,10.1,8.0,2.2,1.4,8.9,19.0,1.3,1.5,2.8,.066,-1.6,-0.6,-2.2,-0.1,,oubreke01
37,Austin Reaves,26,LAL,SG,60,60,2076,17.7,.600,.510,.352,2.8,11.5,7.3,25.7,1.6,0.8,13.0,23.8,4.0,1.9,5.9,.137,2.1,-0.4,1.7,2.0,,reaveau01
38,Kevin Durant,36,PHO,PF,56,56,2066,20.7,.638,.330,.324,1.2,16.5,9.2,19.4,1.1,3.2,13.1,28.5,3.4,1.4,4.7,.110,3.5,-0.6,2.8,2.5,,duranke01
39,Alperen Şengün,22,HOU,C,65,65,2035,21.8,.551,.085,.372,11.5,24.2,17.7,24.7,1.8,2.2,13.3,26.3,3.6,3.7,7.3,.172,2.8,1.9,4.7,3.4,,sengual01
40,LeBron James,40,LAL,SF,58,58,2023,23.3,.608,.321,.252,3.4,22.5,13.2,42.4,1.3,1.6,15.9,30.8,4.1,2.5,6.6,.157,5.3,1.0,6.3,4.2,,jamesle01
41,Coby White,24,CHI,SG,61,60,2019,14.4,.580,.545,.238,1.0,10.1,5.6,19.7,1.4,0.5,12.2,24.1,1.6,1.1,2.8,.066,-0.1,-1.5,-1.7,0.2,,whiteco01
42,Domantas Sabonis,28,SAC,C,58,58,2016,23.0,.659,.182,.328,12.3,32.3,22.2,26.6,0.9,1.1,16.8,21.5,6.3,2.3,8.5,.202,4.2,1.0,5.2,3.7,,sabondo01
43,Jalen Williams,23,OKC,SG,61,61,1987,20.2,.568,.298,.246,2.8,14.8,8.9,24.0,2.4,2.2,10.5,27.3,3.1,3.8,6.9,.167,2.5,1.5,4.0,3.0,,willija06
44,Jaylen Brown,28,BOS,SF,56,56,1974,17.8,.548,.316,.287,4.4,14.3,9.4,21.7,1.8,0.9,11.3,29.1,2.0,2.5,4.5,.110,0.3,-0.5,-0.2,0.9,,brownja02
45,Kentavious Caldwell-Pope,31,ORL,SG,65,65,1964,9.2,.556,.589,.177,1.3,7.0,4.0,8.5,2.2,1.5,9.6,12.5,0.8,2.5,3.4,.083,-3.6,1.4,-2.2,-0.1,,caldwke01
46,Rudy Gobert,32,MIN,C,60,60,1964,17.0,.676,.000,.541,11.9,22.5,17.3,7.8,1.1,4.3,13.9,12.4,4.4,3.2,7.6,.186,0.1,1.3,1.4,1.7,,goberru01
47,Tyrese Maxey,24,PHI,PG,52,52,1960,19.7,.562,.438,.265,0.8,9.7,5.1,28.0,2.3,1.1,9.2,30.0,3.0,1.1,4.1,.100,3.2,-1.2,2.1,2.0,,maxeyty01
48,Bub Carrington,19,WAS,PG,67,43,1959,8.7,.514,.556,.114,1.5,12.7,7.1,20.0,1.1,0.6,15.2,15.1,-0.2,0.5,0.3,.008,-3.6,-1.2,-4.8,-1.4,,carrica01
49,Amen Thompson,22,HOU,SF,60,33,1952,18.1,.601,.130,.381,8.8,18.5,13.6,15.9,2.0,3.4,15.3,17.4,3.3,3.5,6.7,.166,1.0,2.3,3.4,2.6,,thompam01
50,Jarrett Allen,26,CLE,C,68,68,1951,22.1,.723,.006,.431,10.5,27.7,19.3,9.2,1.6,3.0,10.9,15.6,6.5,3.6,10.1,.248,3.1,1.3,4.4,3.2,,allenja01
51,Darius Garland,25,CLE,PG,64,64,1949,20.5,.607,.454,.226,2.2,7.2,4.8,32.2,1.9,0.5,12.5,27.4,5.3,2.0,7.4,.181,4.4,-0.8,3.6,2.8,,garlada01
52,Bilal Coulibaly,20,WAS,SF,59,59,1948,10.8,.515,.359,.296,4.8,10.9,7.9,14.9,1.9,1.9,15.1,17.8,-0.5,0.9,0.5,.011,-3.0,-0.7,-3.7,-0.8,,coulibi01
53,Donovan Mitchell,28,CLE,SG,62,62,1943,20.8,.578,.487,.260,2.8,12.1,7.6,23.5,2.0,0.6,9.1,31.0,4.2,2.4,6.6,.162,4.0,-0.3,3.6,2.8,,mitchdo01
54,Naz Reid,25,MIN,C,69,17,1926,16.1,.580,.500,.158,4.6,19.5,12.1,12.2,1.4,3.2,9.8,21.8,2.1,2.9,5.0,.126,0.9,0.9,1.8,1.8,,reidna01
55,Payton Pritchard,27,BOS,PG,68,0,1914,17.7,.641,.746,.105,5.1,9.4,7.2,17.5,1.6,0.6,7.9,18.6,5.4,2.0,7.4,.186,3.5,0.1,3.6,2.7,,pritcpa01
56,Tyus Jones,28,PHO,PG,68,57,1908,14.3,.589,.580,.095,2.0,7.3,4.8,28.4,1.4,0.3,12.4,16.0,3.5,0.4,3.9,.099,1.3,-1.4,-0.1,0.9,,jonesty01
57,Nikola Vučević,34,CHI,C,60,59,1906,19.5,.610,.313,.144,7.5,25.6,16.6,16.3,1.2,1.7,9.9,22.2,3.5,2.1,5.6,.141,1.9,-0.1,1.8,1.8,,vucevni01
58,Stephen Curry,36,GSW,PG,59,59,1904,21.0,.614,.627,.233,1.7,13.1,7.3,31.4,1.6,1.2,13.0,29.6,4.1,2.2,6.3,.159,6.1,-0.2,5.9,3.8,,curryst01
59,Giannis Antetokounmpo,30,MIL,PF,56,56,1904,29.7,.617,.040,.514,7.6,29.7,19.1,34.5,1.2,3.4,11.7,35.5,5.6,3.2,8.8,.222,6.2,2.3,8.6,5.1,,antetgi01
60,Malik Beasley,28,DET,SG,69,14,1891,14.8,.597,.718,.125,2.3,8.6,5.5,9.2,1.7,0.2,7.6,22.6,2.4,1.8,4.2,.107,2.1,-0.9,1.1,1.5,,beaslma01
61,Chris Paul,39,SAS,PG,67,67,1885,15.2,.579,.652,.177,1.6,12.2,6.9,36.3,2.2,0.6,16.4,13.7,3.9,1.2,5.1,.131,0.6,0.3,1.0,1.4,,paulch01
62,Shaedon Sharpe,21,POR,SG,61,41,1858,13.8,.548,.427,.209,3.1,11.7,7.3,13.7,1.2,0.7,11.2,24.6,0.8,1.1,2.0,.051,-0.3,-1.6,-1.9,0.0,,sharpsh01
63,Trey Murphy III,24,NOP,SF,53,51,1854,17.4,.598,.522,.274,2.6,13.3,7.8,15.9,1.5,2.0,9.9,23.7,3.1,0.5,3.6,.093,2.2,-1.5,0.7,1.3,,murphtr02
64,Julius Randle,30,MIN,PF,57,57,1843,17.4,.584,.326,.385,7.5,16.6,12.1,22.6,1.0,0.6,15.0,25.3,2.9,2.1,5.0,.129,1.3,-0.4,1.0,1.4,,randlju01
65,Bennedict Mathurin,22,IND,SF,61,46,1842,13.3,.582,.341,.344,4.4,15.1,9.8,8.6,0.9,1.1,12.0,22.3,1.1,1.2,2.3,.060,-1.3,-1.7,-3.0,-0.5,,mathube01
66,Harrison Barnes,32,SAS,PF,67,67,1828,14.3,.648,.504,.303,5.3,9.8,7.5,8.5,0.6,0.6,6.0,15.1,4.0,0.3,4.3,.113,1.4,-1.9,-0.5,0.7,,barneha02
67,Tim Hardaway Jr.,32,DET,SG,65,65,1828,9.2,.557,.677,.206,1.0,8.5,4.8,7.5,0.9,0.3,6.6,15.0,1.4,1.4,2.8,.073,-1.7,-0.8,-2.5,-0.2,,hardati02
68,Deni Avdija,24,POR,SF,63,45,1828,16.3,.596,.412,.456,4.7,20.5,12.5,18.8,1.5,1.5,16.7,22.2,2.1,1.9,4.0,.105,0.6,0.3,0.9,1.3,,avdijde01
69,Malik Monk,26,SAC,SG,56,43,1828,15.2,.549,.457,.188,1.5,11.6,6.6,26.0,1.5,2.0,12.9,24.3,1.5,1.4,2.8,.074,0.4,-0.9,-0.4,0.7,,monkma01
70,Jaren Jackson Jr.,25,MEM,C,62,62,1825,20.7,.600,.312,.347,4.7,15.8,10.3,10.8,2.0,5.0,10.3,28.4,3.2,2.7,6.0,.157,2.1,1.0,3.1,2.3,,jacksja02
71,Scottie Barnes,23,TOR,PF,54,54,1822,17.8,.523,.270,.294,5.4,19.9,12.5,27.3,2.2,2.9,13.5,26.8,0.6,2.3,2.9,.076,1.5,0.8,2.3,2.0,,barnesc01
72,Evan Mobley,23,CLE,PF,60,60,1816,22.5,.640,.235,.341,8.3,24.4,16.6,14.7,1.3,4.5,12.2,23.2,4.6,3.2,7.8,.207,3.1,1.5,4.6,3.1,,mobleev01
73,Myles Turner,28,IND,C,59,59,1808,15.5,.601,.476,.274,4.5,19.0,11.8,7.3,1.3,5.4,11.8,20.7,1.3,2.1,3.4,.090,-0.3,0.1,-0.2,0.8,,turnemy01
74,Luguentz Dort,25,OKC,SF,62,62,1807,11.1,.572,.690,.085,5.1,10.2,7.7,6.9,1.8,2.0,7.6,13.6,1.9,2.8,4.7,.126,-0.8,0.7,-0.2,0.8,,dortlu01
75,Kyrie Irving,32,DAL,SG,50,50,1804,20.0,.594,.380,.226,3.7,10.6,7.2,20.5,1.8,1.1,9.7,27.3,3.6,1.2,4.8,.128,3.9,-0.5,3.4,2.5,,irvinky01
76,Desmond Bane,26,MEM,SG,57,56,1803,18.1,.602,.399,.204,3.2,17.5,10.5,24.3,1.7,1.3,13.9,23.3,3.3,2.2,5.5,.148,2.7,0.7,3.3,2.4,,banede01
77,Taurean Prince,30,MIL,SF,67,60,1797,9.7,.610,.653,.084,2.0,12.8,7.6,9.8,1.6,0.5,13.9,12.5,1.0,1.9,2.9,.078,-2.0,0.3,-1.8,0.1,,princta02
78,Jaylen Wells,21,MEM,SG,69,64,1796,10.6,.565,.575,.190,4.5,8.8,6.7,8.2,1.0,0.4,9.0,16.1,1.9,1.2,3.2,.085,-1.1,-1.1,-2.2,-0.1,,wellsja01
79,Josh Giddey,22,CHI,PG,60,60,1781,17.1,.566,.360,.252,6.1,20.7,13.5,31.6,1.7,1.9,18.4,21.0,2.0,1.9,3.9,.106,1.4,0.8,2.2,1.9,,giddejo01
80,Max Christie,21,2TM,SG,65,35,1768,10.5,.574,.545,.248,2.1,10.5,6.4,9.6,1.4,1.5,11.2,14.9,1.1,1.4,2.5,.069,-2.0,-0.4,-2.4,-0.2,,chrisma02
80,Max Christie,21,LAL,SG,46,25,1154,10.6,.598,.566,.302,2.5,9.3,6.0,7.7,1.5,1.7,10.7,13.9,1.0,1.0,2.0,.084,-1.9,0.0,-1.9,0.0,,chrisma02
80,Max Christie,21,DAL,SG,19,10,614,10.3,.537,.515,.168,1.3,12.8,7.1,13.2,1.3,1.0,12.1,16.7,0.1,0.4,0.5,.039,-2.3,-1.2,-3.5,-0.2,,chrisma02
81,Josh Green,24,CHO,SG,62,61,1764,7.8,.549,.590,.166,3.2,6.9,5.0,8.0,2.0,0.8,12.7,11.3,0.5,1.1,1.5,.042,-4.5,0.2,-4.3,-1.0,,greenjo02
82,Nickeil Alexander-Walker,26,MIN,SG,70,10,1763,11.2,.583,.600,.163,2.6,11.3,7.0,14.2,1.2,1.4,13.2,15.8,1.5,1.9,3.3,.091,-1.0,0.2,-0.8,0.5,,alexani01
83,Fred VanVleet,30,HOU,PG,50,50,1757,13.3,.515,.603,.166,1.8,10.5,6.0,22.1,2.3,1.2,9.8,17.7,2.1,2.5,4.6,.126,-0.3,1.5,1.3,1.5,,vanvlfr01
84,Russell Westbrook,36,DEN,PG,62,33,1748,14.9,.541,.355,.254,6.1,13.5,10.0,28.9,2.4,1.6,20.4,22.8,0.5,1.7,2.2,.061,-0.2,0.0,-0.3,0.8,,westbru01
85,Jalen Wilson,24,BRK,PF,68,16,1746,9.0,.534,.571,.261,4.2,10.4,7.2,10.6,1.0,0.2,11.1,16.3,0.6,0.8,1.4,.038,-3.0,-1.4,-4.4,-1.1,,wilsoja03
86,Spencer Dinwiddie,31,DAL,PG,67,20,1739,12.5,.552,.486,.348,0.9,9.1,5.1,19.7,1.5,0.7,10.9,17.8,1.9,0.9,2.8,.077,-1.2,-0.7,-1.9,0.0,,dinwisp01
87,Jordan Poole,25,WAS,SG,57,57,1739,16.2,.582,.580,.266,1.7,9.3,5.5,25.3,2.2,1.3,15.1,28.7,0.7,0.8,1.6,.043,1.5,-1.4,0.2,0.9,,poolejo01
88,CJ McCollum,33,NOP,PG,53,53,1735,15.8,.549,.459,.175,2.4,10.2,6.2,20.4,1.1,1.3,8.7,26.9,1.4,0.1,1.5,.043,1.3,-2.6,-1.3,0.3,,mccolcj01
89,Dennis Schröder,31,3TM,PG,63,41,1733,13.4,.542,.463,.234,1.2,9.3,5.2,29.8,1.7,0.6,13.7,22.3,1.4,1.4,2.9,.080,-0.9,-0.8,-1.7,0.1,,schrode01
89,Dennis Schröder,31,BRK,PG,23,23,772,16.2,.588,.462,.249,0.6,9.9,5.0,33.2,1.7,0.5,14.1,23.8,1.2,0.5,1.6,.102,1.1,-1.1,0.0,0.4,,schrode01
89,Dennis Schröder,31,GSW,SG,24,18,628,8.5,.474,.458,.155,1.7,8.0,4.8,23.9,1.9,0.5,15.2,21.2,-0.5,0.6,0.1,.011,-4.6,-0.6,-5.2,-0.5,,schrode01
89,Dennis Schröder,31,DET,PG,16,0,333,16.6,.554,.477,.346,2.0,10.5,6.3,32.9,1.3,1.2,10.2,21.1,0.8,0.3,1.1,.159,1.3,-0.5,0.8,0.2,,schrode01
90,Yves Missi,20,NOP,C,64,58,1721,15.0,.571,.002,.399,13.5,18.9,16.1,6.7,1.0,4.8,13.2,13.9,2.1,0.9,3.0,.084,-1.9,-1.4,-3.3,-0.6,,missiyv01
91,Miles Bridges,26,CHO,PF,53,53,1714,18.6,.554,.410,.239,3.6,22.6,12.8,21.3,1.1,2.3,10.0,27.7,1.8,1.7,3.5,.097,2.8,-0.3,2.6,2.0,,bridgmi02
92,RJ Barrett,24,TOR,SF,52,52,1713,16.8,.553,.308,.319,3.3,18.2,10.6,28.1,1.2,0.8,13.2,28.5,0.9,1.4,2.3,.064,1.5,-0.7,0.7,1.2,,barrerj01
93,Jalen Duren,21,DET,C,66,66,1709,21.0,.708,.000,.423,14.7,28.9,21.9,14.1,1.3,4.3,18.1,16.0,4.7,3.0,7.7,.217,1.2,1.7,2.9,2.1,,durenja01
94,Stephon Castle,20,SAS,PG,66,32,1700,12.8,.519,.349,.322,4.1,9.2,6.6,20.2,1.7,0.8,13.0,25.3,-0.2,0.7,0.5,.015,-2.2,-1.9,-4.0,-0.9,,castlst01
95,Amir Coffey,27,LAC,SG,67,13,1698,11.3,.614,.483,.239,2.1,8.1,5.1,6.2,1.1,0.4,7.1,15.1,2.4,1.5,3.9,.110,-1.5,-0.4,-1.9,0.1,,coffeam01
96,Keyonte George,21,UTA,PG,54,32,1693,13.3,.542,.558,.315,1.4,11.5,6.5,28.0,1.1,0.5,15.4,24.4,1.0,0.3,1.3,.036,0.1,-2.2,-2.1,0.0,,georgke01
97,Klay Thompson,34,DAL,SF,61,61,1691,13.4,.556,.622,.082,2.7,11.2,7.0,11.3,1.3,1.4,9.3,22.1,0.8,1.0,1.8,.051,1.0,-1.5,-0.5,0.6,,thompkl01
98,Cameron Johnson,28,BRK,PF,53,53,1689,18.3,.635,.549,.299,3.3,12.6,7.7,17.0,1.5,1.5,10.1,22.8,3.8,1.2,4.9,.141,3.5,-0.4,3.1,2.2,,johnsca02
99,Andrew Wiggins,29,2TM,SF,54,54,1665,15.7,.558,.419,.308,5.1,10.7,7.8,12.5,1.5,2.5,9.0,24.1,1.5,1.8,3.4,.097,1.0,-0.5,0.5,1.0,,wiggian01
99,Andrew Wiggins,29,GSW,SF,43,43,1296,16.4,.566,.422,.304,5.3,11.1,8.1,12.1,1.5,2.4,7.7,23.4,1.8,1.5,3.2,.119,1.5,-0.4,1.1,1.0,,wiggian01
99,Andrew Wiggins,29,MIA,SF,11,11,369,13.3,.531,.410,.319,4.5,9.2,6.9,13.9,1.5,2.9,13.3,26.3,-0.2,0.4,0.1,.018,-0.9,-0.8,-1.7,0.0,,wiggian01
100,Onyeka Okongwu,24,ATL,C,62,28,1658,19.7,.633,.192,.325,12.0,23.2,17.4,11.8,1.6,3.3,9.4,17.1,4.2,1.9,6.1,.177,1.4,0.3,1.7,1.5,,okongon01
101,Kyshawn George,21,WAS,SG,61,31,1657,8.5,.503,.660,.167,2.8,13.4,8.0,12.5,1.7,2.6,14.6,15.5,-0.9,1.0,0.1,.003,-4.0,-0.3,-4.3,-1.0,,georgky01
102,Franz Wagner,23,ORL,SF,49,49,1653,20.3,.559,.296,.283,3.2,16.6,9.5,26.6,2.0,1.1,9.9,31.2,2.0,2.4,4.4,.129,2.7,0.4,3.1,2.2,,wagnefr01
103,Guerschon Yabusele,29,PHI,C,62,35,1651,14.2,.616,.491,.242,7.6,16.6,11.9,11.0,1.5,1.3,13.1,16.0,2.4,0.9,3.4,.098,-0.2,-1.0,-1.2,0.3,,yabusgu01
104,Scoot Henderson,20,POR,PG,61,9,1642,12.9,.546,.419,.305,3.1,9.4,6.2,27.9,2.0,0.7,18.6,22.4,0.6,1.2,1.8,.052,-1.2,-0.7,-1.9,0.0,,hendesc01
105,Nic Claxton,25,BRK,C,60,52,1635,16.1,.554,.033,.279,8.9,23.1,15.7,13.4,1.7,5.4,11.5,16.5,1.4,2.2,3.6,.106,-1.2,1.5,0.2,0.9,,claxtni01
106,Quentin Grimes,24,2TM,SG,64,26,1635,15.7,.609,.516,.241,3.3,15.1,9.2,15.4,1.7,1.2,13.1,21.1,1.9,1.2,3.1,.092,1.2,-0.6,0.6,1.1,,grimequ01
106,Quentin Grimes,24,DAL,SG,47,12,1070,13.4,.599,.551,.222,3.1,14.8,9.1,13.2,1.4,0.8,13.2,18.5,1.0,0.8,1.8,.080,0.1,-0.4,-0.3,0.5,,grimequ01
106,Quentin Grimes,24,PHI,SG,17,14,565,20.3,.624,.467,.268,3.7,15.6,9.4,19.6,2.3,1.9,12.8,25.9,0.9,0.4,1.3,.115,3.2,-1.0,2.2,0.6,,grimequ01
107,Jrue Holiday,34,BOS,PG,53,53,1625,13.2,.560,.548,.126,4.3,11.1,7.7,17.2,1.7,1.5,12.2,16.0,2.0,2.0,4.0,.118,-0.5,0.8,0.4,1.0,,holidjr01
108,Cason Wallace,21,OKC,SG,59,39,1621,12.0,.555,.438,.071,4.1,9.3,6.7,11.2,3.1,1.9,10.3,12.6,1.4,3.0,4.4,.130,-1.8,2.5,0.8,1.1,,wallaca01
109,Rui Hachimura,26,LAL,PF,50,50,1605,13.7,.612,.410,.196,5.3,12.8,9.1,6.7,1.2,1.4,7.5,16.1,2.3,1.4,3.7,.112,-0.3,-0.5,-0.8,0.5,,hachiru01
110,Keon Johnson,22,BRK,SG,67,44,1603,10.3,.486,.511,.165,4.0,14.4,9.0,13.4,2.2,1.7,11.0,21.6,-1.1,1.5,0.4,.013,-3.2,-0.2,-3.5,-0.6,,johnske07
111,Corey Kispert,25,WAS,SF,61,0,1602,11.0,.584,.584,.156,2.3,9.5,5.9,9.7,0.8,0.8,9.6,17.4,1.1,0.1,1.2,.035,-1.4,-2.2,-3.7,-0.7,,kispeco01
112,Devin Vassell,24,SAS,SG,52,41,1602,13.9,.542,.467,.141,1.9,11.5,6.7,13.8,2.0,1.6,8.3,22.4,0.6,1.0,1.6,.047,-0.7,-1.0,-1.7,0.1,,vassede01
113,Davion Mitchell,26,2TM,PG,61,36,1602,8.9,.556,.464,.169,1.8,7.0,4.4,23.6,1.6,0.8,21.7,13.2,0.5,1.0,1.5,.044,-3.4,-0.2,-3.6,-0.6,,mitchda01
113,Davion Mitchell,26,TOR,PG,44,22,1080,7.9,.536,.480,.152,1.6,7.0,4.3,24.8,1.4,0.7,23.1,13.1,0.1,0.5,0.6,.026,-3.9,-0.5,-4.4,-0.7,,mitchda01
113,Davion Mitchell,26,MIA,PG,17,14,522,11.0,.597,.431,.207,2.3,6.9,4.6,20.9,1.9,0.9,18.6,13.3,0.4,0.4,0.9,.080,-2.3,0.4,-1.8,0.0,,mitchda01
114,Draymond Green,34,GSW,PF,55,53,1601,12.8,.540,.462,.321,3.8,19.2,11.3,26.6,2.3,3.6,22.9,15.7,0.5,2.7,3.2,.096,-1.9,2.9,0.9,1.2,,greendr01
115,Duncan Robinson,30,MIA,SF,65,33,1594,11.8,.592,.729,.081,1.1,9.3,5.3,15.7,1.1,0.3,11.3,19.2,1.1,1.1,2.1,.065,-0.9,-1.2,-2.0,0.0,,robindu01
116,Buddy Hield,32,GSW,SG,69,22,1593,12.1,.557,.694,.076,2.5,12.7,7.5,11.0,1.8,1.2,10.6,20.7,0.3,1.9,2.2,.066,-0.8,-0.3,-1.1,0.4,,hieldbu01
117,Royce O'Neale,31,PHO,SF,63,19,1592,13.2,.596,.757,.054,3.6,17.3,10.7,12.1,2.0,1.7,10.1,15.4,1.6,1.3,2.9,.086,0.5,0.2,0.7,1.1,,onealro01
118,Gradey Dick,21,TOR,SG,54,54,1587,11.0,.543,.504,.240,3.0,10.3,6.6,9.0,1.5,0.6,10.4,21.1,0.3,0.9,1.3,.038,-1.8,-1.5,-3.3,-0.5,,dickgr01
119,Derrick Jones Jr.,27,LAC,SF,64,52,1585,13.7,.610,.360,.198,5.7,10.0,7.9,4.5,2.1,1.6,9.4,16.6,1.8,2.1,3.9,.117,-1.1,0.6,-0.5,0.6,,jonesde02
120,Walker Kessler,23,UTA,C,52,52,1583,20.8,.690,.046,.385,16.7,27.4,22.1,7.8,0.9,7.6,15.2,13.5,3.7,1.8,5.5,.168,1.5,0.8,2.3,1.7,,kesslwa01
121,Terry Rozier,30,MIA,PG,59,23,1571,10.8,.504,.482,.173,2.8,12.7,7.8,15.2,1.1,0.9,10.4,20.7,-0.5,1.3,0.8,.025,-2.6,-1.2,-3.7,-0.7,,roziete01
122,Norman Powell,31,LAC,SG,48,48,1561,19.0,.626,.459,.288,1.2,10.4,5.9,10.8,1.9,0.5,9.7,27.3,2.7,1.8,4.5,.139,2.7,-0.2,2.5,1.8,,powelno01
123,Julian Champagnie,23,SAS,SF,67,26,1556,12.0,.572,.726,.130,3.7,13.7,8.7,7.9,1.6,1.7,9.5,16.9,1.0,1.0,1.9,.059,-0.5,-0.9,-1.4,0.2,,champju02
124,Jakob Poeltl,29,TOR,C,52,51,1551,19.7,.632,.006,.261,12.0,23.1,17.5,14.8,2.0,3.8,14.6,18.5,2.8,2.1,4.9,.151,0.6,1.2,1.8,1.5,,poeltja01
125,P.J. Washington,26,DAL,PF,48,47,1546,14.0,.542,.357,.282,5.5,21.7,13.7,10.2,1.8,2.8,12.7,20.1,0.3,1.8,2.1,.067,-1.1,0.4,-0.8,0.5,,washipj01
126,Bradley Beal,31,PHO,SG,48,33,1545,15.4,.606,.370,.203,2.5,9.0,5.9,17.5,1.6,1.5,11.8,22.3,1.8,0.6,2.5,.077,0.1,-1.1,-1.0,0.4,,bealbr01
127,Anthony Black,21,ORL,PG,65,9,1543,11.0,.517,.312,.363,2.7,10.8,6.5,19.7,2.2,2.1,16.5,19.1,-0.5,2.3,1.7,.054,-3.4,1.0,-2.4,-0.2,,blackan01
128,Isaiah Collier,20,UTA,PG,61,36,1532,8.7,.478,.295,.257,1.9,12.1,7.0,34.6,1.6,0.7,26.6,18.4,-1.5,0.5,-0.9,-0.028,-4.3,-1.5,-5.8,-1.5,,colliis01
129,Victor Wembanyama,21,SAS,C,46,46,1527,24.2,.594,.470,.221,5.8,29.6,17.7,18.2,1.6,10.2,13.7,30.4,1.1,2.7,3.8,.120,3.6,2.8,6.4,3.2,,wembavi01
130,Jerami Grant,30,POR,PF,47,47,1524,11.0,.523,.516,.289,1.8,9.9,5.8,9.5,1.3,2.8,9.1,19.5,0.6,1.1,1.7,.052,-1.3,-0.4,-1.7,0.1,,grantje01
131,Zaccharie Risacher,19,ATL,SF,62,60,1520,11.6,.543,.438,.194,5.3,11.5,8.3,7.1,1.4,1.9,10.4,20.4,0.2,1.0,1.2,.037,-2.1,-1.7,-3.8,-0.7,,risacza01
132,Keldon Johnson,25,SAS,SF,64,0,1519,15.4,.580,.362,.263,6.2,14.3,10.2,9.6,1.3,0.9,8.2,21.3,1.9,0.8,2.7,.085,0.1,-1.7,-1.6,0.1,,johnske04
133,Kyle Kuzma,29,2TM,PF,51,48,1517,9.7,.497,.364,.233,2.7,18.4,10.7,11.9,0.9,0.7,13.3,24.2,-2.3,1.0,-1.3,-0.040,-3.4,-1.9,-5.3,-1.3,,kuzmaky01
133,Kyle Kuzma,29,WAS,PF,32,30,887,10.6,.488,.352,.215,3.2,18.6,10.9,14.7,1.1,0.7,12.8,26.9,-1.6,0.4,-1.2,-0.064,-3.0,-2.3,-5.3,-0.7,,kuzmaky01
133,Kyle Kuzma,29,MIL,PF,19,18,630,8.6,.516,.389,.270,2.1,18.1,10.4,8.0,0.7,0.6,14.2,20.4,-0.7,0.6,-0.1,-0.007,-4.0,-1.4,-5.4,-0.5,,kuzmaky01
134,Gary Trent Jr.,26,MIL,SG,61,7,1516,11.4,.588,.643,.118,1.2,8.5,5.0,6.5,1.9,0.2,6.3,16.9,1.1,1.4,2.6,.082,-1.5,-0.3,-1.8,0.1,,trentga02
135,Aaron Wiggins,26,OKC,SG,67,21,1506,16.0,.597,.466,.108,5.4,12.5,9.0,10.2,1.7,1.2,8.2,19.6,2.4,2.3,4.7,.150,1.4,-0.2,1.3,1.3,,wiggiaa01
136,Keon Ellis,25,SAC,SG,65,14,1498,13.8,.656,.683,.183,3.6,8.4,6.0,7.7,3.0,3.3,11.5,13.2,2.2,1.7,3.9,.125,0.1,1.8,1.9,1.5,,elliske01
137,Collin Sexton,26,UTA,SG,53,51,1491,16.0,.585,.322,.289,4.1,6.9,5.5,24.8,1.1,0.3,14.5,26.7,1.9,0.1,2.0,.064,1.5,-2.4,-0.9,0.4,,sextoco01
138,Naji Marshall,27,DAL,SF,56,22,1487,15.3,.578,.336,.218,4.6,14.3,9.5,15.8,2.0,0.5,12.4,20.2,1.6,1.2,2.8,.089,-0.3,-0.3,-0.6,0.5,,marshna01
139,Ochai Agbaji,24,TOR,SG,55,39,1482,12.0,.605,.472,.102,3.4,11.4,7.3,7.9,1.5,1.8,8.4,14.2,1.5,1.1,2.6,.084,-0.6,0.1,-0.5,0.5,,agbajoc01
140,Tristan Da Silva,23,ORL,SF,65,36,1481,9.9,.530,.508,.138,4.9,12.7,8.6,10.1,1.0,1.0,10.3,14.9,0.6,1.6,2.2,.071,-2.2,-0.4,-2.6,-0.2,,dasiltr01
141,Lauri Markkanen,27,UTA,PF,47,47,1476,15.6,.571,.570,.264,5.3,14.9,10.2,7.5,1.1,1.1,7.8,23.9,2.0,0.5,2.4,.079,1.9,-2.0,-0.2,0.7,,markkla01
142,Anthony Davis,31,2TM,PF,43,43,1471,27.4,.602,.124,.421,9.7,29.0,19.6,17.6,1.8,5.9,9.3,30.2,3.8,2.8,6.6,.215,4.7,1.6,6.3,3.1,,davisan02
142,Anthony Davis,31,LAL,C,42,42,1440,27.1,.601,.124,.423,9.6,28.8,19.4,17.1,1.8,5.9,9.4,30.2,3.6,2.7,6.3,.211,4.5,1.5,6.0,2.9,,davisan02
142,Anthony Davis,31,DAL,PF,1,1,31,38.6,.630,.111,.333,14.2,41.3,27.9,41.0,0.0,8.3,4.6,29.9,0.2,0.1,0.2,.376,15.1,4.4,19.5,0.2,,davisan02
143,Andrew Nembhard,25,IND,SG,51,51,1468,12.1,.558,.317,.267,2.0,10.2,6.1,22.7,2.2,0.6,16.5,16.4,1.0,1.2,2.2,.072,-2.4,0.3,-2.1,0.0,,nembhan01
144,Mike Conley,37,MIN,PG,59,53,1467,13.5,.575,.673,.202,2.1,9.2,5.7,24.5,2.3,0.7,12.7,14.4,2.6,1.8,4.4,.143,0.0,1.4,1.4,1.2,,conlemi01
145,Georges Niang,31,2TM,PF,67,2,1464,11.3,.600,.644,.097,3.4,15.2,9.4,8.7,0.8,0.8,10.4,17.1,1.4,1.3,2.8,.090,-1.2,-1.0,-2.1,-0.1,,niangge01
145,Georges Niang,31,CLE,PF,51,1,1053,11.1,.617,.647,.083,3.6,15.5,9.8,8.3,0.8,0.6,11.7,16.5,1.1,1.1,2.2,.100,-1.2,-0.6,-1.8,0.1,,niangge01
145,Georges Niang,31,ATL,PF,16,1,411,11.6,.565,.639,.127,2.8,14.2,8.3,9.8,0.8,1.3,7.4,18.8,0.3,0.2,0.6,.065,-1.1,-2.0,-3.0,-0.1,,niangge01
146,Kris Dunn,30,LAC,PG,61,45,1460,11.1,.504,.499,.051,3.8,12.4,8.1,16.8,3.7,1.6,14.8,12.7,0.4,2.6,3.0,.098,-3.2,3.5,0.4,0.9,,dunnkr01
147,Al Horford,38,BOS,C,53,37,1459,12.2,.556,.690,.083,4.8,18.5,11.6,10.3,1.1,2.9,9.3,13.3,1.5,2.0,3.6,.118,-0.2,1.1,0.9,1.1,,horfoal01
148,Wendell Carter Jr.,25,ORL,C,56,39,1452,13.4,.539,.314,.382,9.1,24.8,16.4,12.5,1.4,1.9,12.1,15.9,1.3,2.3,3.6,.119,-2.2,0.8,-1.4,0.2,,cartewe01
149,Jabari Smith Jr.,21,HOU,PF,47,39,1451,12.1,.554,.493,.227,6.2,16.9,11.5,4.6,0.6,2.4,8.6,16.0,1.6,1.9,3.4,.114,-1.1,0.1,-1.0,0.4,,smithja05
150,Haywood Highsmith,28,MIA,SF,60,40,1443,9.8,.592,.584,.118,3.8,10.4,7.1,8.0,1.9,2.2,12.1,11.2,0.9,1.6,2.5,.082,-3.0,0.9,-2.1,0.0,,highsha01
151,De'Andre Hunter,27,2TM,SF,52,8,1435,16.1,.630,.510,.373,2.8,13.0,7.9,7.5,1.2,0.6,8.8,22.9,2.7,1.0,3.7,.124,1.4,-1.1,0.3,0.8,,huntede01
151,De'Andre Hunter,27,ATL,SF,37,4,1064,15.8,.616,.502,.358,2.7,12.4,7.4,7.9,1.4,0.4,9.4,24.2,1.6,0.6,2.2,.101,0.9,-1.4,-0.5,0.4,,huntede01
151,De'Andre Hunter,27,CLE,SF,15,4,371,16.8,.680,.541,.429,3.3,14.8,9.2,6.1,0.6,1.0,6.5,19.3,1.1,0.4,1.5,.190,2.9,-0.1,2.8,0.4,,huntede01
152,Dorian Finney-Smith,31,2TM,PF,50,34,1419,9.7,.580,.694,.114,5.6,10.4,7.9,6.6,1.6,1.1,10.9,12.5,1.0,1.1,2.1,.070,-1.7,0.0,-1.7,0.1,,finnedo01
152,Dorian Finney-Smith,31,BRK,PF,20,20,579,12.3,.613,.679,.151,5.9,12.4,9.0,8.2,1.6,2.1,9.6,14.2,0.7,0.4,1.2,.096,-0.1,0.0,0.0,0.3,,finnedo01
152,Dorian Finney-Smith,31,LAL,PF,30,14,840,7.9,.551,.707,.082,5.4,9.0,7.2,5.5,1.6,0.4,12.0,11.3,0.3,0.7,0.9,.053,-2.9,0.0,-2.9,-0.2,,finnedo01
153,LaMelo Ball,23,CHO,PG,44,44,1414,19.2,.534,.532,.233,3.2,13.9,8.4,42.6,1.8,0.9,13.0,35.9,0.9,1.1,2.0,.069,4.1,-1.0,3.1,1.8,,ballla01
154,Miles McBride,24,NYK,PG,57,6,1404,12.6,.539,.564,.127,3.5,8.0,5.8,14.8,2.0,1.1,7.1,16.6,1.7,1.2,2.9,.098,-0.2,0.3,0.1,0.7,,mcbrimi01
155,Alex Sarr,19,WAS,C,52,52,1401,13.2,.484,.418,.202,7.3,18.3,12.8,13.4,1.1,5.2,10.1,22.2,-0.7,1.1,0.4,.012,-2.0,-0.9,-2.9,-0.3,,sarral01
156,Ayo Dosunmu,25,CHI,SG,46,26,1394,12.8,.585,.421,.176,2.0,10.0,6.0,20.5,1.4,1.1,12.5,16.6,1.6,0.9,2.5,.084,-1.5,-0.4,-1.9,0.0,,dosunay01
157,A.J. Green,25,MIL,SG,61,6,1368,9.2,.613,.858,.067,1.1,9.3,5.4,8.2,1.2,0.4,8.2,12.8,1.2,1.1,2.4,.082,-2.0,-0.3,-2.3,-0.1,,greenaj01
158,Scotty Pippen Jr.,24,MEM,PG,67,17,1367,15.5,.568,.374,.286,4.3,12.4,8.4,27.2,2.9,1.7,17.5,19.1,1.8,1.9,3.7,.129,-0.4,1.9,1.5,1.2,,pippesc02
159,D'Angelo Russell,28,2TM,PG,53,31,1360,14.5,.530,.559,.229,1.5,11.0,6.2,31.4,1.9,1.6,13.3,23.9,0.9,1.2,2.1,.074,0.3,-0.4,-0.1,0.7,,russeda01
159,D'Angelo Russell,28,LAL,PG,29,10,763,13.0,.537,.540,.170,1.2,10.3,5.9,26.1,1.5,0.5,13.0,22.1,0.4,0.6,1.0,.065,-0.7,-1.0,-1.7,0.1,,russeda01
159,D'Angelo Russell,28,BRK,PG,24,21,597,16.5,.522,.580,.296,1.8,11.8,6.6,38.3,2.3,3.0,13.7,26.3,0.5,0.6,1.1,.086,1.6,0.3,1.9,0.6,,russeda01
160,Donte DiVincenzo,28,MIN,SG,51,10,1358,14.2,.581,.747,.114,2.1,13.1,7.7,20.8,2.3,0.8,13.3,19.0,1.5,1.9,3.3,.118,0.8,1.1,2.0,1.4,,divindo01
161,Julian Strawther,22,DEN,SG,61,4,1351,9.5,.563,.557,.174,1.4,9.0,5.4,7.6,1.3,1.0,10.1,17.7,0.5,0.7,1.2,.044,-3.1,-1.5,-4.6,-0.9,,strawju01
162,Ziaire Williams,23,BRK,SF,54,36,1334,12.2,.549,.563,.238,4.9,17.8,11.0,8.8,2.0,1.7,10.0,18.1,0.7,1.3,2.0,.073,-2.0,-0.2,-2.3,-0.1,,willizi02
163,Paul George,34,PHI,PF,41,41,1334,14.6,.543,.470,.170,2.0,17.5,9.4,20.9,2.8,1.5,14.7,23.6,-0.2,1.3,1.1,.040,-0.4,0.1,-0.3,0.6,,georgpa01
164,Isaiah Hartenstein,26,OKC,C,47,44,1331,18.8,.596,.037,.253,11.3,30.3,20.9,18.4,1.3,3.6,15.5,16.9,2.6,3.0,5.6,.202,0.5,2.4,2.9,1.7,,harteis01
165,Santi Aldama,24,MEM,PF,53,13,1325,17.8,.588,.474,.130,6.8,21.2,14.1,15.3,1.5,2.0,8.5,18.8,2.7,1.7,4.4,.159,3.0,0.8,3.8,1.9,,aldamsa01
166,Peyton Watson,22,DEN,SF,56,13,1320,11.5,.565,.327,.336,3.5,11.3,7.6,7.4,1.6,4.7,11.1,13.9,0.9,1.3,2.1,.077,-1.9,0.4,-1.5,0.2,,watsope01
167,Grayson Allen,29,PHO,SG,53,3,1317,14.0,.640,.739,.236,2.6,11.0,7.0,12.3,1.8,1.3,11.4,16.8,1.9,0.7,2.6,.095,1.0,-0.8,0.2,0.7,,allengr01
168,Dalton Knecht,23,LAL,SF,64,14,1316,12.6,.593,.615,.151,2.8,13.1,8.1,6.5,0.8,0.4,5.7,18.2,1.5,1.0,2.5,.090,-0.4,-1.6,-2.0,0.0,,knechda01
169,Jonas Valančiūnas,32,2TM,C,66,18,1315,20.8,.598,.059,.263,13.4,30.3,21.8,18.3,1.2,3.1,15.1,22.8,2.1,1.5,3.6,.132,0.8,-0.1,0.8,0.9,,valanjo01
169,Jonas Valančiūnas,32,WAS,C,49,12,983,20.5,.602,.064,.251,12.7,30.2,21.4,18.7,1.1,2.5,15.8,23.6,1.4,1.0,2.3,.114,0.9,-0.5,0.4,0.6,,valanjo01
169,Jonas Valančiūnas,32,SAC,C,17,6,332,21.7,.586,.041,.303,15.7,30.7,23.2,17.0,1.8,4.7,12.6,20.4,0.8,0.5,1.3,.188,0.7,1.2,1.9,0.3,,valanjo01
170,Moses Moody,22,GSW,SG,61,21,1311,13.1,.591,.595,.241,3.3,9.4,6.3,8.3,1.5,1.7,7.1,17.7,1.7,1.3,3.1,.112,-0.2,-0.2,-0.4,0.5,,moodymo01
171,Jimmy Butler,35,2TM,SF,42,42,1311,21.9,.616,.155,.630,7.9,11.3,9.6,26.1,1.8,1.0,9.0,21.2,4.7,1.3,6.0,.221,3.6,0.5,4.1,2.0,,butleji01
171,Jimmy Butler,35,MIA,PF,25,25,766,22.8,.638,.137,.612,8.0,10.8,9.4,25.0,1.8,1.3,8.2,21.1,2.9,0.7,3.6,.228,4.1,0.5,4.6,1.2,,butleji01
171,Jimmy Butler,35,GSW,SF,17,17,545,20.7,.586,.180,.655,7.8,12.1,9.9,27.6,1.9,0.7,10.1,21.4,1.8,0.6,2.4,.211,3.0,0.5,3.5,0.8,,butleji01
172,Luka Dončić,25,2TM,PG,37,37,1303,23.4,.569,.467,.366,2.8,23.4,13.3,37.1,2.7,1.1,13.4,34.1,2.0,1.9,3.9,.142,4.8,1.5,6.3,2.7,,doncilu01
172,Luka Dončić,25,DAL,PG,22,22,785,24.4,.584,.455,.313,2.2,22.7,12.6,36.7,2.7,1.0,12.4,33.0,1.6,1.0,2.6,.159,5.5,1.4,6.9,1.8,,doncilu01
172,Luka Dončić,25,LAL,PG,15,15,518,21.9,.547,.487,.447,3.6,24.4,14.3,37.7,2.8,1.3,14.9,35.8,0.4,0.9,1.3,.117,3.6,1.8,5.4,1.0,,doncilu01
173,Brandin Podziemski,21,GSW,SG,51,20,1299,13.7,.533,.481,.166,4.2,16.6,10.3,19.0,2.0,0.9,10.2,17.7,1.2,1.7,2.9,.107,-0.8,1.0,0.2,0.7,,podzibr01
174,Caris LeVert,30,2TM,SG,52,3,1294,15.3,.593,.482,.249,2.6,10.8,6.8,18.0,1.7,1.9,10.8,18.9,2.1,1.4,3.4,.128,1.0,0.3,1.3,1.1,,leverca01
174,Caris LeVert,30,CLE,SF,38,3,904,14.4,.580,.497,.279,2.7,9.9,6.4,19.9,1.8,1.9,13.2,18.1,1.3,1.1,2.4,.126,0.6,0.6,1.2,0.7,,leverca01
174,Caris LeVert,30,ATL,SG,14,0,390,17.4,.616,.456,.199,2.4,12.9,7.5,13.5,1.7,1.9,6.1,20.8,0.8,0.3,1.1,.130,2.0,-0.4,1.7,0.4,,leverca01
175,Ja Morant,25,MEM,PG,43,43,1291,19.0,.560,.310,.386,2.1,12.1,7.2,36.3,1.9,0.8,15.8,31.6,1.7,1.4,3.1,.115,2.7,-0.6,2.1,1.4,,moranja01
176,Kevin Huerter,26,2TM,SG,57,19,1288,10.4,.521,.667,.092,2.3,12.2,7.2,11.1,2.0,1.4,10.0,17.7,-0.1,1.1,1.0,.038,-2.4,-0.1,-2.5,-0.2,,huertke01
176,Kevin Huerter,26,SAC,SG,43,15,899,10.6,.524,.661,.090,2.3,12.6,7.4,11.0,1.9,1.7,10.3,17.1,0.1,0.8,0.9,.045,-2.3,-0.1,-2.4,-0.1,,huertke01
176,Kevin Huerter,26,CHI,SG,14,4,389,10.2,.514,.677,.097,2.2,11.2,6.7,11.2,2.2,0.7,9.5,19.2,-0.1,0.3,0.2,.022,-2.6,-0.2,-2.8,-0.1,,huertke01
177,Jalen Johnson,23,ATL,SF,36,36,1284,17.4,.569,.260,.232,5.1,25.9,15.2,20.8,2.0,2.6,15.1,22.4,0.8,1.6,2.4,.089,0.4,1.3,1.7,1.2,,johnsja05
178,Isaiah Joe,25,OKC,SG,61,12,1281,13.1,.593,.786,.089,2.7,10.3,6.6,9.3,1.5,0.7,5.4,17.2,2.0,1.8,3.7,.140,0.9,0.0,0.9,0.9,,joeis01
179,Jake LaRavia,23,2TM,PF,62,0,1261,12.5,.586,.417,.344,7.5,13.3,10.5,14.8,2.1,1.6,18.7,14.3,1.3,1.5,2.7,.104,-0.8,1.0,0.2,0.7,,laravja01
179,Jake LaRavia,23,MEM,PF,47,0,982,13.5,.605,.373,.398,7.3,14.6,11.0,16.6,2.1,1.8,19.6,14.3,1.2,1.2,2.5,.121,-0.1,1.5,1.4,0.8,,laravja01
179,Jake LaRavia,23,SAC,PF,15,0,279,8.9,.517,.562,.164,8.0,8.8,8.4,8.7,2.3,0.7,15.2,14.1,0.0,0.2,0.2,.042,-3.2,-0.7,-3.8,-0.1,,laravja01
180,Patrick Williams,23,CHI,PF,49,35,1257,8.6,.493,.518,.172,3.1,13.0,8.1,10.1,1.4,1.9,12.8,16.9,-0.9,1.0,0.1,.003,-3.3,-0.7,-4.0,-0.6,,willipa01
181,Obi Toppin,26,IND,PF,64,1,1248,17.4,.641,.484,.204,4.2,19.1,11.7,11.6,1.6,1.6,9.7,19.7,2.2,1.2,3.4,.131,1.5,-0.1,1.4,1.0,,toppiob01
182,Isaiah Stewart,23,DET,C,63,3,1242,14.6,.608,.163,.289,10.8,20.3,15.6,11.0,0.9,6.8,16.2,12.3,1.8,2.0,3.8,.147,-1.7,2.1,0.4,0.7,,stewais01
183,Goga Bitadze,25,ORL,C,58,41,1237,19.2,.643,.079,.390,12.2,25.7,18.6,14.6,1.6,6.9,16.1,14.3,2.4,2.5,4.9,.190,-0.3,2.8,2.5,1.4,,bitadgo01
184,Ty Jerome,27,CLE,SG,63,2,1236,20.2,.631,.412,.253,4.1,9.8,7.0,23.6,2.8,0.1,12.0,23.2,3.4,1.7,5.1,.197,2.8,0.9,3.7,1.8,,jeromty01
185,Gabe Vincent,28,LAL,PG,58,10,1232,7.2,.527,.707,.049,1.3,4.9,3.1,9.1,1.7,0.9,9.0,13.1,0.1,0.9,1.0,.040,-4.3,0.1,-4.2,-0.7,,vincega01
186,Sam Hauser,27,BOS,PF,59,15,1231,12.1,.615,.856,.016,3.4,12.8,8.1,5.9,1.3,0.7,5.1,13.9,1.8,1.4,3.2,.124,0.4,-0.2,0.2,0.7,,hausesa01
187,Jaime Jaquez Jr.,23,MIA,SF,56,14,1220,13.5,.532,.260,.333,6.3,16.7,11.6,17.6,2.2,0.9,15.5,19.8,0.2,1.5,1.7,.067,-2.0,0.5,-1.5,0.1,,jaqueja01
188,Luke Kennard,28,MEM,SG,54,10,1220,14.5,.639,.608,.137,2.9,10.1,6.5,19.3,1.5,0.4,13.3,15.2,2.5,1.0,3.5,.139,1.7,0.0,1.7,1.1,,kennalu01
189,John Collins,27,UTA,PF,40,31,1220,19.0,.628,.279,.309,8.0,20.8,14.5,10.8,1.5,3.1,14.6,24.1,1.7,1.0,2.7,.107,1.4,-0.3,1.1,1.0,,collijo01
190,Nicolas Batum,36,LAC,PF,67,8,1208,9.8,.600,.841,.087,4.1,13.8,9.0,8.4,1.8,2.6,12.2,8.8,1.1,1.7,2.8,.112,-1.6,1.8,0.3,0.7,,batumni01
191,Deandre Ayton,26,POR,C,40,40,1206,17.8,.583,.068,.128,11.0,25.9,18.3,8.6,1.2,3.0,12.2,19.5,1.3,1.5,2.8,.111,-0.3,-0.5,-0.8,0.4,,aytonde01
192,Mason Plumlee,34,PHO,C,68,20,1205,14.6,.639,.016,.598,10.5,27.9,19.6,13.3,1.2,3.3,18.4,10.7,2.2,1.3,3.5,.141,-1.6,0.9,-0.6,0.4,,plumlma01
193,Brandon Clarke,28,MEM,PF,63,18,1201,17.6,.640,.045,.230,11.4,17.2,14.3,7.4,2.0,2.7,8.9,15.3,2.8,1.7,4.5,.178,0.1,0.9,1.0,0.9,,clarkbr01
194,Paolo Banchero,22,ORL,PF,35,35,1195,19.6,.544,.304,.432,3.5,22.0,12.2,26.1,1.2,2.0,10.9,33.1,0.7,1.8,2.5,.099,3.3,0.1,3.4,1.7,,banchpa01
195,Jordan Hawkins,22,NOP,SG,51,7,1189,9.7,.500,.588,.165,2.0,10.4,6.1,7.1,1.2,1.8,8.5,20.8,-0.6,0.1,-0.5,-0.019,-2.4,-2.9,-5.3,-1.0,,hawkijo01
196,Jeremy Sochan,21,SAS,PF,47,19,1183,16.5,.607,.191,.266,10.1,18.1,14.1,14.2,1.6,1.8,14.4,18.7,1.7,0.9,2.6,.106,-0.2,-0.3,-0.5,0.4,,sochaje01
197,Clint Capela,30,ATL,C,55,41,1176,17.8,.564,.003,.249,15.6,28.1,21.7,7.5,1.3,4.1,9.8,16.7,1.7,1.5,3.2,.131,-0.6,-0.5,-1.2,0.3,,capelca01
198,Tari Eason,23,HOU,PF,46,12,1162,18.8,.571,.334,.197,9.4,17.4,13.3,7.8,3.4,3.2,9.2,19.5,1.9,2.5,4.3,.179,1.2,2.7,3.9,1.7,,easonta01
199,Kevin Porter Jr.,24,2TM,SG,62,2,1161,14.0,.510,.269,.235,3.2,17.1,10.3,25.5,2.6,1.1,16.5,25.7,-0.8,1.8,1.0,.043,-2.3,1.0,-1.3,0.2,,porteke02
199,Kevin Porter Jr.,24,LAC,SG,45,2,884,12.2,.476,.260,.187,3.7,16.5,10.2,24.8,2.4,1.2,16.0,25.8,-1.2,1.4,0.2,.009,-3.2,0.6,-2.5,-0.1,,porteke02
199,Kevin Porter Jr.,24,MIL,SG,17,0,277,19.9,.623,.301,.407,1.6,19.1,10.7,27.6,3.3,0.7,17.9,25.5,0.4,0.5,0.9,.152,0.7,2.0,2.7,0.3,,porteke02
200,Bobby Portis,29,MIL,PF,46,7,1160,17.5,.538,.296,.120,8.0,26.8,17.8,13.7,1.3,2.0,8.7,24.1,0.7,1.8,2.5,.103,0.4,-0.4,0.0,0.6,,portibo01
201,Kyle Filipowski,21,UTA,C,59,15,1158,14.7,.608,.409,.305,7.7,22.0,15.0,14.9,1.5,0.8,15.5,17.6,1.4,0.8,2.2,.091,-0.5,-0.1,-0.5,0.4,,filipky01
202,T.J. McConnell,32,IND,PG,64,0,1157,18.6,.549,.083,.125,3.3,11.3,7.3,37.3,3.0,1.3,14.7,24.0,1.2,1.2,2.4,.101,0.7,0.4,1.2,0.9,,mccontj01
203,Nikola Jović,21,MIA,PF,46,10,1156,13.8,.595,.557,.231,2.5,14.5,8.6,17.1,1.6,1.1,12.6,18.3,1.2,1.2,2.4,.098,-0.4,0.4,0.0,0.6,,jovicni01
204,Jamal Shead,22,TOR,PG,63,4,1149,9.0,.507,.444,.119,2.0,5.9,4.0,28.6,1.6,0.8,19.5,17.6,-0.2,0.6,0.3,.014,-3.3,-1.2,-4.6,-0.7,,sheadja01
205,Javonte Green,31,2TM,SG,56,18,1142,11.3,.575,.496,.289,4.7,13.6,9.0,5.7,2.4,2.5,9.5,11.3,1.0,0.7,1.7,.070,-2.2,0.3,-2.0,0.0,,greenja02
205,Javonte Green,31,NOP,SG,50,18,1092,10.9,.569,.482,.295,4.7,13.2,8.8,5.5,2.4,2.6,10.0,10.8,0.8,0.6,1.4,.064,-2.5,0.3,-2.2,-0.1,,greenja02
205,Javonte Green,31,CLE,SG,6,0,50,20.4,.640,.636,.227,6.7,23.2,15.2,11.3,1.0,0.0,4.0,21.4,0.2,0.1,0.2,.214,3.8,0.4,4.1,0.1,,greenja02
206,Sam Merrill,28,CLE,SG,59,2,1136,10.8,.585,.868,.083,2.9,8.4,5.7,8.8,1.6,0.8,7.0,14.5,1.5,1.2,2.6,.111,-0.5,0.4,-0.1,0.6,,merrisa01
207,Cole Anthony,24,ORL,PG,61,22,1135,13.9,.527,.384,.209,4.1,15.4,9.4,26.0,1.8,2.3,15.1,25.1,-0.2,1.7,1.5,.065,-1.1,0.7,-0.4,0.5,,anthoco01
208,Matas Buzelis,20,CHI,SF,66,17,1131,11.2,.544,.476,.170,4.1,15.3,9.8,6.7,0.7,4.4,10.4,18.5,0.0,1.0,0.9,.040,-3.0,-0.7,-3.7,-0.5,,buzelma01
209,Zach Edey,22,MEM,C,54,46,1127,18.3,.618,.124,.262,18.3,21.0,19.7,5.5,1.2,5.6,14.8,16.8,2.1,1.7,3.8,.163,-0.1,-0.2,-0.3,0.5,,edeyza01
210,Terance Mann,28,2TM,SG,54,12,1124,11.6,.571,.401,.177,5.2,10.4,7.8,12.3,1.5,1.3,10.0,14.3,1.2,1.1,2.3,.097,-1.6,0.2,-1.4,0.2,,mannte01
210,Terance Mann,28,LAC,SG,37,12,732,10.5,.533,.385,.164,5.0,11.4,8.2,11.0,1.9,1.5,10.7,13.9,0.4,0.9,1.4,.090,-2.5,1.1,-1.5,0.1,,mannte01
210,Terance Mann,28,ATL,SG,17,0,392,13.6,.630,.426,.197,5.7,8.6,7.1,14.9,0.7,0.9,8.9,15.2,0.8,0.1,0.9,.110,0.3,-1.6,-1.3,0.1,,mannte01
211,Daniel Gafford,26,DAL,C,51,28,1115,24.6,.716,.000,.478,13.7,20.2,17.0,10.1,0.9,7.4,12.2,19.2,3.9,1.4,5.4,.230,2.5,1.2,3.7,1.6,,gaffoda01
212,Luke Kornet,29,BOS,C,61,12,1095,18.6,.686,.010,.404,14.3,15.9,15.1,11.9,1.4,4.9,10.4,10.4,3.6,1.7,5.3,.234,1.1,1.9,3.0,1.4,,kornelu01
213,Brice Sensabaugh,21,UTA,SF,58,8,1092,12.6,.599,.601,.118,3.3,12.3,7.9,11.4,1.5,0.4,15.0,21.7,0.4,0.3,0.8,.033,-0.3,-1.6,-1.9,0.0,,sensabr01
214,Tyrese Martin,25,BRK,SG,51,7,1087,11.1,.535,.606,.124,5.2,14.5,9.7,13.0,1.3,0.7,12.4,18.8,0.1,0.7,0.8,.036,-1.1,-1.3,-2.5,-0.1,,martity01
215,Aaron Gordon,29,DEN,PF,40,31,1087,16.8,.641,.340,.340,6.9,12.4,9.8,14.6,0.8,0.8,11.0,18.8,2.7,0.5,3.2,.142,2.5,-1.5,1.0,0.8,,gordoaa01
216,Nick Smith Jr.,20,CHO,SG,49,24,1082,7.6,.491,.535,.067,1.1,8.9,4.9,15.0,0.7,0.5,12.4,20.5,-0.9,0.3,-0.6,-0.027,-3.8,-2.4,-6.2,-1.2,,smithni01
217,Jose Alvarado,26,NOP,PG,45,12,1074,14.2,.537,.625,.131,1.9,8.7,5.2,27.3,2.7,1.0,11.2,17.8,1.2,0.4,1.7,.075,-0.2,-0.3,-0.5,0.4,,alvarjo01
218,Ben Sheppard,23,IND,SG,53,9,1066,9.5,.574,.681,.091,3.9,11.4,7.7,8.3,1.4,1.0,6.0,11.4,1.1,0.7,1.8,.083,-2.0,0.0,-2.0,0.0,,sheppbe01
219,Ron Holland,19,DET,SF,69,1,1065,10.4,.542,.380,.280,3.5,15.1,9.3,8.2,1.9,0.9,12.7,17.8,0.1,1.3,1.4,.064,-3.7,0.3,-3.4,-0.4,,hollaro01
220,Ryan Dunn,22,PHO,SF,61,31,1064,10.2,.510,.536,.087,6.2,13.3,9.9,6.4,1.3,3.1,6.8,16.6,0.1,0.7,0.7,.033,-3.2,-0.9,-4.2,-0.6,,dunnry01
221,Moussa Diabaté,23,CHO,C,59,8,1062,15.9,.594,.014,.405,16.4,21.6,18.9,7.1,1.8,3.4,16.4,12.4,1.4,1.3,2.7,.123,-1.8,-0.4,-2.1,0.0,,diabamo01
222,Simone Fontecchio,29,DET,SF,62,0,1053,10.1,.551,.604,.240,4.5,15.3,10.0,7.3,1.1,1.0,11.9,16.1,0.4,1.1,1.6,.071,-2.1,-0.5,-2.6,-0.2,,fontesi01
223,Nick Richards,27,2TM,C,48,35,1049,17.4,.643,.007,.507,12.4,29.5,21.1,6.5,0.5,4.5,15.9,17.4,1.7,1.2,2.9,.131,-1.7,-0.9,-2.5,-0.1,,richani01
223,Nick Richards,27,CHO,C,21,9,440,17.2,.614,.009,.763,12.0,26.7,19.1,9.8,0.8,5.8,17.8,17.8,0.5,0.6,1.1,.120,-2.2,0.1,-2.1,0.0,,richani01
223,Nick Richards,27,PHO,C,27,26,609,17.5,.665,.006,.341,12.8,31.5,22.5,4.2,0.3,3.5,14.4,17.2,1.1,0.6,1.8,.139,-1.3,-1.6,-2.9,-0.1,,richani01
224,Bogdan Bogdanović,32,2TM,SG,41,4,1047,10.3,.549,.604,.138,2.0,11.2,6.5,13.9,1.4,0.8,13.2,19.2,0.1,0.8,1.0,.044,-2.3,-0.6,-2.9,-0.2,,bogdabo01
224,Bogdan Bogdanović,32,ATL,SG,24,0,598,7.7,.502,.652,.152,2.1,10.1,6.0,10.9,1.6,0.9,13.4,18.9,-0.4,0.4,-0.1,-0.006,-4.2,-0.6,-4.8,-0.4,,bogdabo01
224,Bogdan Bogdanović,32,LAC,SG,17,4,449,13.8,.611,.539,.120,1.8,12.7,7.3,17.9,1.1,0.7,12.9,19.5,0.6,0.5,1.0,.111,0.1,-0.6,-0.4,0.2,,bogdabo01
225,Caleb Martin,29,2TM,SF,36,24,1039,10.0,.524,.365,.314,4.8,11.7,8.1,10.7,1.8,2.1,13.9,14.2,0.1,0.6,0.7,.032,-2.5,-0.3,-2.8,-0.2,,martica02
225,Caleb Martin,29,PHI,SF,31,24,943,10.2,.531,.375,.319,5.0,11.8,8.2,10.3,1.8,2.1,14.0,14.3,0.2,0.5,0.7,.034,-2.3,-0.2,-2.5,-0.1,,martica02
225,Caleb Martin,29,DAL,SF,5,0,96,7.9,.449,.261,.261,2.3,11.1,6.8,14.7,1.5,1.8,13.5,13.2,0.0,0.1,0.0,.011,-4.8,-0.8,-5.6,-0.1,,martica02
226,Kel'el Ware,20,MIA,C,50,22,1032,17.1,.603,.272,.158,8.6,26.1,17.5,6.9,1.5,4.9,11.2,17.4,1.1,1.7,2.8,.128,-0.8,0.6,-0.3,0.4,,wareke01
227,Dean Wade,28,CLE,PF,48,26,1032,10.2,.550,.819,.113,5.0,17.9,11.6,7.6,1.8,1.5,7.6,10.3,1.0,1.5,2.5,.116,-1.0,1.5,0.5,0.6,,wadede01
228,Ausar Thompson,22,DET,SF,47,36,1012,17.2,.577,.109,.309,9.6,15.6,12.7,14.7,3.8,2.5,14.8,18.9,1.1,1.9,3.0,.142,-1.0,2.6,1.6,0.9,,thompau01
229,Dejounte Murray,28,NOP,PG,31,31,1012,15.5,.494,.352,.251,1.7,20.2,10.6,34.5,3.0,1.1,16.2,27.2,-0.6,0.9,0.2,.011,-1.2,-0.4,-1.6,0.1,,murrade01
230,Trey Lyles,29,SAC,PF,55,2,1003,12.1,.539,.643,.196,6.4,21.1,13.7,7.7,1.6,1.9,9.1,14.6,0.8,1.0,1.8,.085,-0.7,-0.3,-1.0,0.3,,lylestr01
231,Jalen Suggs,23,ORL,PG,35,35,1002,14.4,.536,.503,.229,2.5,14.4,8.1,21.9,2.5,3.2,16.2,27.5,-0.7,1.7,1.0,.049,-0.8,1.1,0.3,0.6,,suggsja01
232,Donovan Clingan,20,POR,C,55,25,1001,17.2,.575,.122,.310,17.6,26.9,22.2,8.0,1.2,8.1,18.1,14.8,1.1,1.6,2.7,.132,-2.1,1.3,-0.8,0.3,,clingdo01
233,Cody Martin,29,2TM,SF,41,8,995,11.8,.520,.462,.181,4.6,15.7,10.0,14.0,2.3,2.7,12.6,14.6,0.3,1.1,1.4,.067,-2.3,1.2,-1.1,0.2,,martico01
233,Cody Martin,29,CHO,SF,39,8,967,11.7,.528,.463,.183,4.3,15.4,9.7,13.6,2.2,2.7,12.7,14.5,0.3,1.0,1.3,.067,-2.3,1.1,-1.2,0.2,,martico01
233,Cody Martin,29,PHO,SF,2,0,28,14.3,.265,.444,.111,16.6,26.6,21.8,27.5,5.3,3.3,9.6,16.5,0.0,0.1,0.0,.070,-3.5,5.8,2.3,0.0,,martico01
234,Brandon Boston Jr.,23,NOP,SG,42,10,993,12.8,.535,.367,.223,2.9,11.9,7.3,13.7,2.6,0.9,11.1,20.0,0.3,0.5,0.7,.035,-2.3,-0.3,-2.6,-0.1,,bostobr01
235,Kristaps Porziņģis,29,BOS,C,34,34,987,22.1,.614,.435,.341,5.7,19.9,12.8,10.4,1.4,5.1,7.3,25.5,2.5,1.7,4.2,.202,3.2,1.2,4.4,1.6,,porzikr01
236,Max Strus,28,CLE,SF,39,26,978,13.0,.599,.796,.095,4.4,14.3,9.5,15.5,1.1,0.9,10.5,14.9,1.8,1.1,2.8,.139,1.5,0.5,2.0,1.0,,strusma01
237,Ben Simmons,28,2TM,PG,41,24,976,13.4,.554,.000,.163,4.4,20.1,11.9,39.7,1.8,2.0,29.6,13.8,0.7,1.1,1.8,.087,-2.0,1.7,-0.3,0.4,,simmobe01
237,Ben Simmons,28,BRK,PG,33,24,825,12.7,.562,.000,.153,4.0,20.6,12.0,41.4,1.6,1.9,32.7,14.3,0.3,0.8,1.1,.066,-2.4,1.3,-1.1,0.2,,simmobe01
237,Ben Simmons,28,LAC,PG,8,0,151,17.4,.513,.000,.219,6.8,17.0,11.9,29.9,3.3,2.6,7.9,10.9,0.4,0.3,0.6,.204,0.0,3.7,3.7,0.2,,simmobe01
238,Kevon Looney,28,GSW,C,63,6,971,17.3,.529,.012,.341,17.8,26.9,22.2,14.8,2.0,3.0,11.4,14.0,1.8,1.8,3.6,.179,-1.0,1.1,0.1,0.5,,looneke01
239,Jonathan Isaac,27,ORL,PF,60,0,949,16.4,.515,.491,.317,11.7,22.2,16.6,4.8,2.7,6.8,7.4,16.2,0.7,2.1,2.9,.144,-1.0,1.6,0.6,0.6,,isaacjo01
240,Johnny Juzang,23,UTA,SG,51,12,941,11.3,.567,.681,.135,3.6,12.7,8.2,7.3,1.3,0.7,6.7,17.2,1.0,0.3,1.3,.064,-1.3,-1.3,-2.6,-0.1,,juzanjo01
241,Jarace Walker,21,IND,PF,60,3,940,10.8,.562,.506,.225,2.7,18.3,10.5,11.3,2.5,2.0,17.9,16.7,-0.4,1.2,0.8,.041,-2.7,0.9,-1.8,0.1,,walkeja02
242,Noah Clowney,20,BRK,PF,41,18,928,10.0,.532,.706,.217,4.5,15.4,9.7,5.5,1.1,2.2,9.6,18.7,0.0,0.7,0.7,.038,-2.5,-1.1,-3.7,-0.4,,clownno01
243,Julian Phillips,21,CHI,SF,66,3,927,10.4,.571,.532,.295,6.9,8.6,7.8,4.5,1.6,1.7,8.2,13.2,0.9,0.6,1.5,.078,-2.5,-0.6,-3.1,-0.3,,phillju01
244,Justin Champagnie,23,WAS,SF,48,18,927,15.4,.601,.481,.185,8.6,18.3,13.4,7.4,2.4,2.9,11.2,15.7,1.0,0.9,1.9,.098,-0.6,0.1,-0.4,0.4,,champju01
245,Precious Achiuwa,25,NYK,C,44,8,927,14.1,.554,.128,.217,10.7,20.2,15.5,6.2,1.9,3.2,11.1,13.5,0.9,1.3,2.2,.114,-1.4,0.2,-1.2,0.2,,achiupr01
246,Jonathan Kuminga,22,GSW,PF,36,10,924,16.0,.536,.262,.422,5.4,14.7,9.9,14.2,1.6,1.9,9.3,27.5,0.4,1.1,1.6,.082,0.0,-0.1,-0.1,0.4,,kuminjo01
247,Brandon Miller,22,CHO,SF,27,27,924,14.0,.540,.597,.161,2.8,12.6,7.5,18.2,1.5,2.1,12.6,27.5,-0.1,0.7,0.6,.029,0.8,-0.9,-0.1,0.4,,millebr02
248,Trayce Jackson-Davis,24,GSW,C,54,37,921,18.1,.583,.004,.319,12.5,21.5,16.9,15.9,1.2,3.8,11.3,16.5,1.8,1.4,3.1,.163,0.2,1.1,1.3,0.8,,jackstr02
249,Jeremiah Robinson-Earl,24,NOP,PF,53,6,921,13.1,.566,.466,.177,9.1,18.4,13.6,9.2,1.6,0.7,11.0,13.8,1.1,0.4,1.5,.076,-1.0,-1.4,-2.4,-0.1,,robinje02
250,Jordan Clarkson,32,UTA,SG,35,9,920,15.1,.542,.469,.291,3.0,10.1,6.6,22.9,1.6,0.8,12.7,27.5,0.5,0.3,0.8,.041,0.9,-2.0,-1.0,0.2,,clarkjo01
251,Vit Krejci,24,ATL,PG,44,15,917,11.3,.601,.699,.146,1.8,12.2,6.9,16.2,1.6,2.3,13.6,13.1,0.9,0.7,1.6,.085,-1.2,0.8,-0.5,0.4,,krejcvi01
252,Cody Williams,20,UTA,SG,44,15,916,4.5,.447,.514,.187,3.2,9.2,6.3,7.8,1.0,1.4,15.0,12.4,-0.8,0.2,-0.6,-0.032,-5.5,-0.9,-6.4,-1.0,,willico04
253,Tidjane Salaün,19,CHO,PF,48,8,915,7.6,.447,.598,.252,6.3,17.5,11.8,8.0,1.4,1.3,13.5,15.1,-0.7,0.8,0.0,.001,-4.3,-0.7,-5.0,-0.7,,salauti01
254,Ricky Council IV,23,PHI,SF,59,7,914,12.7,.525,.465,.296,4.6,13.2,8.7,11.2,1.5,1.2,8.3,19.5,0.5,0.4,1.0,.050,-0.9,-1.9,-2.8,-0.2,,councri01
255,Andre Jackson Jr.,23,MIL,SG,59,43,908,8.4,.550,.402,.098,7.4,12.6,10.1,10.9,1.6,1.3,21.6,11.7,0.1,1.0,1.1,.060,-3.8,0.3,-3.5,-0.3,,jacksan01
256,Jonathan Mogbo,23,TOR,PF,50,12,904,11.5,.507,.203,.277,9.3,15.7,12.5,12.2,2.0,2.7,14.5,14.1,0.3,1.0,1.3,.069,-2.7,0.8,-1.9,0.0,,mogbojo01
257,Mark Williams,23,CHO,C,35,32,902,25.1,.639,.003,.393,12.3,29.5,20.7,17.2,1.4,4.7,10.0,21.9,2.8,1.3,4.1,.218,3.3,1.0,4.2,1.4,,willima07
258,Jaden Ivey,22,DET,SG,30,30,898,14.8,.569,.373,.281,5.0,10.2,7.6,19.7,1.5,1.2,16.1,26.0,0.3,0.9,1.3,.067,0.7,-0.8,-0.1,0.4,,iveyja01
259,Ja'Kobe Walter,20,TOR,SG,44,11,879,9.6,.508,.456,.217,5.2,10.4,7.8,8.9,1.7,0.9,10.6,18.1,-0.1,0.6,0.5,.028,-3.1,-1.0,-4.1,-0.5,,walteja01
260,Cameron Payne,30,NYK,PG,61,1,870,14.5,.540,.584,.127,1.6,9.3,5.5,25.5,1.9,1.5,9.9,21.2,1.2,0.8,2.0,.109,0.4,0.0,0.3,0.5,,payneca01
261,Jalen Smith,24,CHI,C,57,1,869,18.4,.590,.565,.218,9.6,28.5,19.1,9.1,0.8,4.1,7.9,20.8,1.5,1.1,2.5,.141,1.3,-0.7,0.5,0.6,,smithja04
262,Chris Boucher,32,TOR,PF,50,0,862,18.8,.615,.522,.235,8.7,19.6,14.1,5.9,1.3,2.8,6.6,21.3,1.7,0.9,2.6,.145,3.0,-0.8,2.2,0.9,,bouchch01
263,Day'Ron Sharpe,23,BRK,C,47,2,844,20.2,.573,.134,.248,18.6,23.8,21.1,16.4,2.2,4.7,15.4,20.3,1.4,1.2,2.6,.148,0.1,0.6,0.7,0.6,,sharpda01
264,Alex Caruso,30,OKC,SG,44,1,844,15.0,.553,.559,.121,3.7,10.8,7.3,16.5,4.2,2.9,10.6,14.6,1.0,1.9,2.9,.165,-0.5,3.9,3.4,1.2,,carusal01
265,Tre Jones,25,2TM,PG,44,7,840,16.2,.609,.208,.285,3.7,9.7,6.7,28.3,2.0,0.9,11.1,14.0,2.1,0.5,2.6,.150,0.4,1.0,1.4,0.7,,jonestr01
265,Tre Jones,25,SAS,PG,28,0,450,13.8,.572,.280,.355,3.6,10.2,6.9,30.0,1.9,1.0,16.3,12.2,0.9,0.2,1.1,.117,-1.1,1.0,-0.1,0.2,,jonestr01
265,Tre Jones,25,CHI,PG,16,7,390,19.0,.637,.156,.234,3.8,9.0,6.4,26.3,2.0,0.9,6.6,16.2,1.2,0.3,1.5,.187,2.1,1.0,3.1,0.5,,jonestr01
266,Seth Curry,34,CHO,SG,57,10,839,12.0,.602,.547,.102,2.8,9.0,5.8,7.6,1.5,0.8,7.7,15.6,0.9,0.4,1.4,.079,-0.9,-0.8,-1.7,0.1,,curryse01
267,Justin Edwards,21,PHI,SF,34,16,838,10.5,.557,.550,.108,4.5,10.0,7.1,8.5,1.7,1.3,10.2,15.3,0.4,0.4,0.8,.045,-2.2,-1.6,-3.8,-0.4,,edwarju01
268,Gary Payton II,32,GSW,SG,56,10,829,16.5,.641,.325,.142,5.9,15.2,10.4,13.5,2.6,1.9,10.4,16.1,1.5,1.3,2.8,.160,-0.3,1.8,1.5,0.7,,paytoga02
269,Kenrich Williams,30,OKC,PF,55,4,828,13.6,.588,.508,.103,6.8,16.6,11.8,10.6,1.9,0.8,10.2,15.0,1.2,1.4,2.6,.153,-0.5,1.0,0.6,0.5,,willike04
270,Zion Williamson,24,NOP,PF,29,29,827,27.3,.596,.026,.472,9.5,18.2,13.7,35.8,2.0,3.1,12.8,34.7,1.9,0.6,2.4,.140,5.8,0.7,6.5,1.8,,willizi01
271,Jaxson Hayes,24,LAL,C,42,21,823,16.3,.731,.012,.463,8.4,18.4,13.6,8.2,1.5,4.9,14.5,12.2,1.9,1.2,3.0,.176,-1.4,1.8,0.4,0.5,,hayesja02
272,Kris Murray,24,POR,SF,57,3,811,9.9,.491,.410,.212,7.9,11.0,9.5,8.6,1.9,1.4,11.9,13.9,0.1,0.6,0.7,.041,-2.5,0.0,-2.5,-0.1,,murrakr01
273,Dalano Banton,25,POR,PG,54,0,809,14.3,.524,.438,.261,2.6,10.9,6.7,21.3,2.2,2.7,13.7,23.8,0.1,0.8,0.9,.052,0.4,0.0,0.4,0.5,,bantoda01
274,Jusuf Nurkić,30,2TM,C,38,27,805,14.3,.553,.338,.400,9.3,32.9,21.4,14.3,2.1,3.0,21.0,19.4,-0.1,1.2,1.1,.066,-3.1,0.9,-2.2,0.0,,nurkiju01
274,Jusuf Nurkić,30,PHO,C,25,23,592,12.6,.556,.362,.423,9.0,32.9,21.5,10.9,1.9,2.5,22.8,18.7,-0.3,0.8,0.6,.046,-3.9,0.6,-3.3,-0.2,,nurkiju01
274,Jusuf Nurkić,30,CHO,C,13,4,213,19.1,.546,.286,.351,10.2,33.0,21.2,23.5,2.5,4.2,16.8,21.2,0.1,0.4,0.5,.120,-0.9,1.8,0.9,0.2,,nurkiju01
275,Isaac Okoro,24,CLE,SG,42,20,793,9.8,.564,.585,.161,5.2,7.6,6.4,8.8,1.5,1.7,8.8,12.1,0.9,0.8,1.7,.104,-1.4,0.7,-0.7,0.3,,okorois01
276,Garrison Mathews,28,ATL,SG,45,2,786,11.7,.611,.849,.314,1.7,10.0,5.7,9.6,1.5,1.6,9.4,16.0,1.0,0.5,1.5,.094,-0.9,-0.5,-1.4,0.1,,mathega01
277,Khris Middleton,33,2TM,SF,34,18,785,17.3,.602,.397,.248,1.6,15.8,8.9,27.6,1.9,0.9,13.4,21.7,1.3,0.8,2.1,.131,0.7,0.5,1.2,0.6,,middlkh01
277,Khris Middleton,33,MIL,SF,23,7,534,17.8,.627,.408,.218,1.0,15.5,8.6,28.8,1.5,0.9,13.8,21.9,1.1,0.6,1.7,.153,1.6,0.5,2.0,0.5,,middlkh01
277,Khris Middleton,33,WAS,SF,11,11,251,16.3,.550,.374,.313,2.9,16.2,9.5,25.2,2.8,1.1,12.4,21.4,0.2,0.2,0.4,.085,-1.3,0.6,-0.7,0.1,,middlkh01
278,KJ Martin,24,2TM,PF,37,15,785,10.8,.646,.265,.259,4.0,12.2,8.1,6.5,1.0,2.8,10.6,11.3,1.0,0.3,1.4,.083,-2.9,0.0,-2.9,-0.2,,martike04
278,KJ Martin,24,PHI,PF,24,7,480,12.4,.689,.212,.293,4.8,12.7,8.6,5.7,1.1,3.3,9.7,11.3,0.9,0.2,1.1,.111,-2.0,0.3,-1.7,0.0,,martike04
278,KJ Martin,24,UTA,SF,13,8,305,8.4,.581,.343,.209,2.9,11.6,7.3,7.7,0.8,1.9,12.0,11.4,0.2,0.1,0.2,.038,-4.4,-0.5,-4.8,-0.2,,martike04
279,Kawhi Leonard,33,LAC,SF,26,26,781,18.5,.562,.317,.179,3.8,15.9,9.9,16.3,2.5,1.5,10.7,28.2,0.4,1.2,1.6,.099,1.1,0.0,1.1,0.6,,leonaka01
280,Cam Thomas,23,BRK,SG,25,23,781,18.2,.575,.430,.333,2.1,10.4,6.1,22.8,1.0,0.3,10.6,32.6,0.9,0.3,1.2,.076,2.9,-2.7,0.2,0.4,,thomaca02
281,Lonzo Ball,27,CHI,PG,35,14,777,12.2,.524,.802,.111,3.4,12.4,7.9,19.2,2.8,1.9,13.9,15.9,0.3,0.9,1.2,.072,-1.6,1.6,-0.1,0.4,,balllo01
282,Thomas Bryant,27,2TM,C,51,6,775,17.6,.614,.444,.180,10.2,19.9,15.1,9.0,1.4,3.7,8.7,17.3,1.5,0.9,2.4,.148,0.9,-0.2,0.8,0.5,,bryanth01
282,Thomas Bryant,27,MIA,C,10,0,115,15.8,.624,.607,.393,5.8,24.7,15.3,4.9,0.4,7.5,5.7,13.5,0.2,0.2,0.4,.165,-1.1,1.0,-0.2,0.1,,bryanth01
282,Thomas Bryant,27,IND,C,41,6,660,17.9,.613,.425,.155,11.0,19.1,15.1,9.7,1.5,3.0,9.1,18.0,1.3,0.7,2.0,.145,1.3,-0.4,0.9,0.5,,bryanth01
283,Vasilije Micić,31,2TM,PG,38,16,771,6.8,.462,.458,.150,2.7,9.8,6.2,24.5,1.0,0.0,20.3,20.0,-1.1,0.3,-0.8,-0.051,-4.4,-2.4,-6.8,-0.9,,micicva01
283,Vasilije Micić,31,CHO,PG,36,16,764,6.8,.462,.458,.150,2.7,9.6,6.1,24.7,1.0,0.0,20.3,20.2,-1.1,0.3,-0.8,-0.051,-4.4,-2.4,-6.8,-0.9,,micicva01
283,Vasilije Micić,31,PHO,PG,2,0,7,3.6,,,,0.0,30.4,15.9,0.0,0.0,0.0,,0.0,0.0,0.0,0.0,.029,-7.5,1.7,-5.9,0.0,,micicva01
284,Eric Gordon,36,PHI,SG,39,13,768,10.9,.591,.672,.235,1.1,5.9,3.4,12.0,1.7,1.6,11.1,14.4,0.7,0.2,0.9,.057,-0.7,-0.9,-1.6,0.1,,gordoer01
285,Dereck Lively II,20,DAL,C,32,25,768,20.5,.704,.000,.390,14.2,21.1,17.7,15.4,1.1,6.0,15.8,13.8,2.3,0.9,3.3,.204,1.4,2.3,3.7,1.1,,livelde01
286,Immanuel Quickley,25,TOR,PG,27,27,766,17.0,.575,.511,.319,1.5,12.3,6.9,29.5,1.0,0.4,10.4,24.7,1.5,0.4,1.9,.121,2.9,-1.2,1.7,0.7,,quickim01
287,Dalen Terry,22,CHI,SG,61,3,762,10.0,.562,.370,.305,4.3,7.7,6.0,12.7,1.9,1.6,14.7,14.6,0.4,0.6,0.9,.058,-3.7,0.1,-3.7,-0.3,,terryda01
288,Neemias Queta,25,BOS,C,53,6,762,15.4,.668,.017,.311,11.0,18.6,14.8,6.3,1.0,4.2,15.2,13.6,1.5,1.1,2.6,.165,-2.2,0.7,-1.5,0.1,,quetane01
289,Aaron Nesmith,25,IND,SF,31,23,762,13.7,.639,.512,.196,3.3,13.5,8.4,7.8,1.3,1.4,8.1,16.8,1.2,0.6,1.8,.111,-0.4,-0.8,-1.3,0.1,,nesmiaa01
290,Zach Collins,27,2TM,PF,50,12,761,15.9,.594,.370,.294,10.8,18.6,14.7,15.2,1.6,2.9,13.7,17.1,1.4,0.7,2.1,.133,-0.8,1.0,0.2,0.4,,colliza01
290,Zach Collins,27,SAS,C,36,4,425,14.4,.566,.348,.265,9.6,15.8,12.7,16.8,1.6,3.1,13.5,17.1,0.6,0.3,1.0,.110,-1.5,1.3,-0.2,0.2,,colliza01
290,Zach Collins,27,CHI,PF,14,8,336,17.9,.627,.398,.330,12.3,22.2,17.3,13.1,1.7,2.6,13.9,17.0,0.7,0.4,1.1,.162,0.2,0.6,0.8,0.2,,colliza01
291,Andre Drummond,31,PHI,C,40,23,751,16.1,.535,.085,.385,15.9,32.0,23.6,6.8,2.6,2.4,16.7,19.2,0.2,1.1,1.3,.083,-2.3,-0.8,-3.1,-0.2,,drumman01
292,Shake Milton,28,2TM,SG,50,1,750,12.8,.588,.442,.228,3.7,10.2,7.0,19.2,1.5,0.4,12.4,16.4,1.0,0.5,1.5,.096,-1.1,-0.2,-1.3,0.1,,miltosh01
292,Shake Milton,28,BRK,SG,27,1,492,12.9,.580,.459,.210,3.6,8.5,5.9,20.5,1.5,0.2,10.4,17.0,0.7,0.3,1.0,.095,-0.7,-0.3,-1.0,0.1,,miltosh01
292,Shake Milton,28,LAL,SG,23,0,258,12.7,.607,.403,.269,4.0,13.5,8.9,16.6,1.5,0.7,16.7,15.3,0.3,0.2,0.5,.099,-1.9,0.0,-1.9,0.0,,miltosh01
293,Kyle Anderson,31,2TM,PF,50,4,746,14.6,.526,.268,.214,6.0,16.7,11.3,20.9,2.0,3.0,10.3,15.6,0.9,1.1,2.0,.129,-0.5,2.2,1.7,0.7,,anderky01
293,Kyle Anderson,31,GSW,PF,36,3,541,14.8,.522,.308,.160,5.2,16.8,10.8,21.1,2.3,3.5,10.0,15.6,0.6,0.9,1.5,.131,-0.2,2.5,2.3,0.6,,anderky01
293,Kyle Anderson,31,MIA,SF,14,1,205,14.1,.537,.145,.382,8.1,16.5,12.4,20.5,1.2,1.9,11.1,15.7,0.3,0.2,0.5,.124,-1.2,1.3,0.1,0.1,,anderky01
294,Oso Ighodaro,22,PHO,PF,48,2,719,10.9,.607,.016,.325,6.6,17.5,12.3,9.0,1.4,2.7,16.3,10.6,0.6,0.5,1.2,.078,-3.1,0.6,-2.5,-0.1,,ighodos01
295,Cam Whitmore,20,HOU,SF,44,1,714,14.3,.522,.460,.186,4.5,15.2,9.7,8.4,1.9,1.5,8.9,23.9,0.3,1.1,1.4,.093,-0.1,-0.2,-0.3,0.3,,whitmca01
296,DaQuan Jeffries,27,CHO,SG,33,9,704,8.0,.509,.575,.091,4.3,9.7,6.9,7.6,1.3,2.7,10.2,12.9,0.1,0.4,0.5,.034,-4.2,-0.6,-4.8,-0.5,,jeffrda01
297,Jaden Hardy,22,DAL,SG,46,3,697,9.9,.540,.482,.195,1.3,9.6,5.5,13.5,1.5,0.6,15.8,24.8,-0.7,0.4,-0.3,-0.022,-3.2,-1.8,-5.0,-0.5,,hardyja02
298,Lindy Waters III,27,2TM,SG,46,9,693,8.6,.500,.733,.050,2.6,13.0,7.6,9.1,1.7,1.4,8.1,14.9,0.0,0.8,0.8,.056,-3.4,0.4,-3.0,-0.2,,waterli01
298,Lindy Waters III,27,GSW,SG,38,9,655,8.4,.498,.722,.054,2.5,13.4,7.8,8.7,1.6,1.4,7.5,14.6,0.0,0.8,0.8,.057,-3.5,0.4,-3.1,-0.2,,waterli01
298,Lindy Waters III,27,DET,SG,8,0,38,10.9,.531,.875,.000,2.9,5.7,4.4,14.5,3.8,0.0,15.8,21.1,0.0,0.1,0.0,.042,-2.3,1.3,-1.0,0.0,,waterli01
299,Drew Eubanks,27,2TM,C,50,4,685,15.8,.622,.034,.379,8.9,23.4,16.2,10.7,0.8,5.0,14.8,14.9,1.0,0.6,1.6,.112,-1.0,0.5,-0.5,0.3,,eubandr01
299,Drew Eubanks,27,UTA,C,37,4,568,15.9,.632,.034,.393,7.7,24.1,16.0,11.6,0.8,5.3,15.4,14.7,0.8,0.5,1.3,.107,-0.8,0.9,0.1,0.3,,eubandr01
299,Drew Eubanks,27,LAC,C,13,0,117,14.8,.577,.031,.313,14.5,20.0,17.3,6.1,0.4,3.4,12.1,15.4,0.2,0.2,0.3,.135,-1.9,-1.3,-3.2,0.0,,eubandr01
300,Jamison Battle,23,TOR,SF,46,4,674,11.3,.600,.751,.061,4.4,12.1,8.2,7.6,0.4,1.1,6.4,15.6,0.9,0.3,1.2,.083,0.2,-1.6,-1.4,0.1,,battlja01
301,Bruce Brown,28,2TM,PG,32,4,669,10.2,.485,.257,.216,4.9,14.2,9.4,12.5,2.0,0.6,11.3,17.2,-0.1,0.4,0.3,.022,-4.1,-0.6,-4.7,-0.5,,brownbr01
301,Bruce Brown,28,TOR,PG,18,0,353,12.5,.525,.275,.221,5.1,15.9,10.4,11.4,2.3,0.8,11.7,19.4,0.1,0.4,0.4,.056,-2.7,0.0,-2.7,-0.1,,brownbr01
301,Bruce Brown,28,NOP,PG,14,4,316,7.6,.428,.231,.209,4.6,12.3,8.3,13.7,1.7,0.3,10.8,14.8,-0.2,0.1,-0.1,-0.016,-5.7,-1.3,-7.0,-0.4,,brownbr01
302,Aaron Holiday,28,HOU,PG,52,3,667,11.8,.587,.655,.182,1.7,9.1,5.3,13.7,1.2,0.9,11.5,16.5,0.9,0.7,1.7,.120,-0.9,0.3,-0.5,0.2,,holidaa01
303,Kelly Olynyk,33,2TM,C,35,13,665,15.0,.603,.322,.356,7.1,19.6,13.2,20.9,1.7,2.0,18.5,18.4,0.8,0.6,1.4,.098,-1.0,0.5,-0.5,0.3,,olynyke01
303,Kelly Olynyk,33,TOR,C,24,2,383,15.1,.624,.364,.364,7.0,18.4,12.6,20.9,2.0,2.0,20.4,18.8,0.4,0.4,0.9,.108,-0.7,0.7,0.1,0.2,,olynyke01
303,Kelly Olynyk,33,NOP,C,11,11,282,14.9,.574,.264,.345,7.4,21.4,14.1,20.9,1.2,2.0,15.9,17.8,0.3,0.1,0.5,.083,-1.4,0.2,-1.1,0.1,,olynyke01
304,Jared Butler,24,2TM,SG,46,6,659,16.3,.557,.329,.252,2.9,10.1,6.4,35.8,1.5,1.4,13.8,23.8,0.8,0.2,1.1,.078,1.0,-1.4,-0.4,0.3,,butleja02
304,Jared Butler,24,WAS,PG,32,0,362,17.7,.562,.233,.256,4.0,7.8,5.9,38.6,1.6,1.2,12.9,25.9,0.5,0.1,0.6,.082,2.2,-1.2,1.0,0.3,,butleja02
304,Jared Butler,24,PHI,SG,14,6,297,14.7,.550,.482,.245,1.5,12.9,6.9,32.5,1.5,1.7,15.3,21.2,0.3,0.1,0.5,.073,-0.4,-1.7,-2.1,0.0,,butleja02
305,Herbert Jones,26,NOP,SF,20,20,648,10.4,.541,.419,.233,3.5,9.6,6.5,13.8,2.8,1.3,15.6,14.6,0.1,0.3,0.5,.034,-3.8,0.2,-3.7,-0.3,,joneshe01
306,Marcus Sasser,24,DET,PG,49,0,646,13.3,.582,.533,.138,2.6,6.8,4.7,22.9,2.2,0.6,14.7,18.2,0.8,0.7,1.5,.110,-0.7,0.3,-0.5,0.3,,sassema01
307,Alec Burks,33,MIA,SG,36,4,637,12.1,.587,.729,.232,2.3,14.4,8.4,9.2,1.7,0.9,7.6,14.7,0.6,0.7,1.3,.097,-0.7,0.6,-0.1,0.3,,burksal01
308,Maxi Kleber,33,DAL,PF,34,4,637,5.7,.489,.510,.219,4.3,11.7,8.1,8.3,0.7,2.3,17.9,8.6,0.0,0.3,0.3,.024,-4.2,0.4,-3.8,-0.3,,klebima01
309,Jay Huff,26,MEM,C,54,2,636,17.9,.668,.672,.188,4.1,14.2,9.2,7.1,0.9,6.6,9.5,19.3,1.4,0.8,2.2,.164,2.6,1.0,3.6,0.9,,huffja01
310,Jericho Sims,26,2TM,C,53,5,632,10.0,.639,.000,.183,12.9,21.8,17.4,6.4,0.8,2.8,30.1,7.5,0.5,0.7,1.3,.097,-3.1,0.0,-3.1,-0.2,,simsje01
310,Jericho Sims,26,NYK,C,39,5,422,9.9,.619,.000,.283,14.0,20.8,17.5,6.3,0.9,2.2,28.9,7.5,0.4,0.4,0.8,.096,-3.2,-0.3,-3.6,-0.2,,simsje01
310,Jericho Sims,26,MIL,C,14,0,210,10.1,.680,.000,.000,10.7,23.7,17.4,6.7,0.5,4.0,32.4,7.7,0.1,0.3,0.4,.098,-3.0,0.7,-2.2,0.0,,simsje01
311,Kyle Lowry,38,PHI,PG,33,12,623,10.1,.530,.748,.297,1.9,10.4,6.0,19.7,2.5,1.6,13.7,10.2,0.6,0.4,1.0,.077,-2.6,1.4,-1.2,0.1,,lowryky01
312,Daniel Theis,32,NOP,C,38,9,621,12.1,.558,.287,.287,7.4,21.5,14.2,13.0,1.4,3.1,14.7,11.5,0.6,0.4,1.0,.078,-3.3,-0.1,-3.3,-0.2,,theisda01
313,Jett Howard,21,ORL,SF,55,0,618,7.4,.477,.722,.087,3.5,8.9,6.1,10.2,1.0,1.6,10.2,18.8,-0.5,0.7,0.2,.015,-3.6,-0.9,-4.5,-0.4,,howarje01
314,Steven Adams,31,HOU,C,49,2,618,16.6,.514,.007,.582,22.3,21.9,22.1,12.8,1.3,3.0,20.3,14.0,0.6,1.0,1.7,.131,0.1,0.3,0.4,0.4,,adamsst01
315,Jaylin Williams,22,OKC,PF,38,6,618,14.5,.535,.711,.110,7.0,27.7,17.5,17.4,1.2,4.1,12.1,14.2,0.8,1.3,2.2,.168,0.4,2.5,2.9,0.8,,willija07
316,Gui Santos,22,GSW,PF,44,2,610,11.9,.608,.566,.238,9.0,16.0,12.4,13.6,1.4,1.4,18.6,13.4,0.7,0.7,1.4,.112,-2.1,0.4,-1.7,0.1,,santogu01
317,Chet Holmgren,22,OKC,C,22,22,598,20.5,.602,.346,.397,7.1,26.1,16.8,9.7,1.4,9.4,12.7,22.3,0.8,1.5,2.3,.184,1.2,2.3,3.5,0.8,,holmgch01
318,Brandon Ingram,27,NOP,SF,18,18,595,16.2,.560,.345,.165,3.0,15.6,9.0,26.8,1.3,1.8,16.2,30.2,-0.1,0.2,0.0,.004,1.4,-1.7,-0.3,0.3,,ingrabr01
319,Jared McCain,20,PHI,SG,23,8,592,15.4,.589,.485,.204,2.4,8.7,5.4,16.7,1.3,0.0,11.0,24.8,0.7,0.1,0.8,.061,1.9,-1.6,0.3,0.4,,mccaija01
320,Jabari Walker,22,POR,SF,50,1,591,15.0,.591,.341,.295,8.7,23.8,16.1,7.6,2.3,0.9,10.8,15.8,0.8,0.8,1.6,.129,-1.1,0.5,-0.6,0.2,,walkeja01
321,Pelle Larsson,23,MIA,SG,45,2,589,8.8,.549,.497,.297,3.4,8.9,6.2,10.1,1.5,0.7,8.9,13.6,0.4,0.5,0.9,.070,-4.5,0.0,-4.6,-0.4,,larsspe01
322,Adem Bona,21,PHI,C,47,2,585,14.6,.703,.000,.635,11.3,19.4,15.2,3.9,1.2,7.0,20.4,12.5,0.9,0.6,1.4,.119,-3.6,-0.1,-3.7,-0.2,,bonaad01
323,Olivier-Maxence Prosper,22,DAL,PF,52,4,584,12.6,.484,.293,.437,8.3,15.0,11.7,9.1,2.2,0.9,6.3,16.3,0.4,0.5,0.9,.073,-1.6,-0.6,-2.2,0.0,,prospol01
324,Marcus Smart,30,2TM,PG,28,6,578,12.5,.532,.557,.267,3.1,7.9,5.6,22.4,2.6,1.1,16.0,20.6,0.2,0.5,0.8,.064,-1.4,0.1,-1.4,0.1,,smartma01
324,Marcus Smart,30,MEM,PG,19,6,400,11.3,.504,.608,.243,3.8,7.5,5.7,22.0,2.7,1.4,17.6,19.9,0.0,0.5,0.5,.058,-1.6,0.4,-1.1,0.1,,smartma01
324,Marcus Smart,30,WAS,PG,9,0,178,15.3,.590,.452,.315,1.7,8.8,5.3,23.1,2.4,0.5,12.6,22.3,0.2,0.1,0.3,.076,-1.1,-0.8,-1.9,0.0,,smartma01
325,Trendon Watford,24,BRK,PF,31,0,576,12.5,.542,.271,.338,4.4,16.0,10.0,20.9,1.8,1.4,17.3,23.7,-0.2,0.5,0.4,.030,-3.0,-0.5,-3.4,-0.2,,watfotr01
326,Joel Embiid,30,PHI,C,19,19,574,23.6,.580,.244,.537,6.9,24.8,15.4,25.7,1.2,3.1,13.7,34.4,1.0,0.5,1.5,.124,3.8,-0.2,3.5,0.8,,embiijo01
327,Kessler Edwards,24,DAL,SF,38,16,569,11.6,.586,.385,.100,4.3,16.3,10.4,9.5,1.5,3.0,10.0,11.4,0.6,0.5,1.2,.097,-2.0,0.6,-1.4,0.1,,edwarke02
328,Cam Reddish,25,LAL,SF,32,8,567,7.5,.518,.523,.295,3.1,9.0,6.1,4.9,2.7,1.7,10.8,8.6,0.1,0.7,0.7,.062,-4.3,1.7,-2.5,-0.1,,reddica01
329,Moritz Wagner,27,ORL,C,30,1,564,22.3,.649,.301,.442,7.7,23.4,15.1,13.9,2.1,2.0,14.1,26.8,1.0,1.0,2.0,.171,2.6,1.3,3.9,0.8,,wagnemo01
330,Svi Mykhailiuk,27,UTA,SF,28,12,564,9.7,.523,.682,.100,2.9,10.0,6.5,14.3,1.4,1.0,14.7,21.6,-0.3,0.1,-0.2,-0.014,-1.6,-1.8,-3.4,-0.2,,mykhasv01
331,Malcolm Brogdon,32,WAS,PG,24,13,564,15.7,.544,.233,.383,3.9,13.0,8.4,27.2,1.1,0.8,11.9,23.6,0.6,0.2,0.8,.065,-0.1,-1.5,-1.6,0.1,,brogdma01
332,Ajay Mitchell,22,OKC,SG,34,1,561,12.3,.604,.307,.199,3.3,9.3,6.4,13.1,2.1,0.5,13.4,15.8,0.7,0.8,1.5,.128,-2.2,1.0,-1.2,0.1,,mitchaj01
333,Karlo Matković,23,NOP,PF,31,5,557,14.2,.627,.271,.208,9.5,19.8,14.5,7.2,1.3,5.4,16.9,14.3,0.6,0.4,1.0,.082,-2.8,-0.3,-3.1,-0.2,,matkoka01
334,Talen Horton-Tucker,24,CHI,SG,49,0,550,12.6,.546,.432,.257,2.9,13.0,8.0,16.4,1.4,1.6,11.8,21.3,0.1,0.4,0.6,.048,-1.9,-0.9,-2.9,-0.1,,hortota01
335,Micah Potter,26,UTA,C,31,10,545,9.0,.584,.745,.151,6.8,18.6,12.8,5.9,0.9,1.9,17.5,10.5,0.3,0.2,0.5,.045,-2.5,-0.4,-2.9,-0.1,,pottemi01
336,Gary Harris,30,ORL,SG,35,2,544,6.6,.503,.760,.100,3.2,6.5,4.8,5.1,1.9,1.8,10.3,9.3,0.0,0.7,0.7,.058,-4.0,1.4,-2.7,-0.1,,harriga01
337,Orlando Robinson,24,2TM,C,34,4,540,12.9,.508,.176,.307,12.1,18.4,15.2,14.4,1.3,2.3,14.9,18.3,0.2,0.5,0.7,.065,-2.8,-0.1,-2.9,-0.1,,robinor01
337,Orlando Robinson,24,SAC,C,9,0,57,12.1,.473,.294,.412,5.8,21.6,13.7,20.6,2.6,1.7,16.6,18.1,0.0,0.1,0.1,.048,-4.1,1.2,-2.9,0.0,,robinor01
337,Orlando Robinson,24,TOR,C,25,4,483,13.0,.512,.164,.296,12.8,18.0,15.4,13.7,1.1,2.4,14.7,18.3,0.2,0.4,0.7,.067,-2.6,-0.3,-2.9,-0.1,,robinor01
338,Reed Sheppard,20,HOU,PG,45,1,536,8.4,.428,.566,.082,3.1,9.5,6.2,13.4,2.5,2.5,12.1,17.7,-0.5,0.8,0.4,.034,-4.0,1.5,-2.5,-0.1,,sheppre01
339,Jae'Sean Tate,29,HOU,SF,47,2,530,12.0,.539,.281,.333,9.2,12.7,10.9,10.0,2.2,1.0,10.9,13.5,0.7,0.8,1.4,.131,-2.6,1.4,-1.1,0.1,,tateja01
340,DeAndre Jordan,36,DEN,C,46,2,528,14.6,.626,.000,.349,13.9,29.8,22.2,8.4,1.1,3.4,21.3,12.4,0.6,0.7,1.3,.115,-1.6,-0.1,-1.7,0.0,,jordade01
341,Monte Morris,29,PHO,PG,41,0,527,12.5,.532,.438,.227,2.2,9.7,6.1,17.6,1.7,0.5,8.1,17.7,0.5,0.2,0.7,.062,-1.4,-0.7,-2.2,0.0,,morrimo01
342,Caleb Houstan,22,ORL,SF,45,5,522,7.3,.544,.859,.109,2.7,6.8,4.6,5.0,1.1,0.6,4.3,11.7,0.4,0.5,0.9,.079,-3.6,-0.3,-4.0,-0.3,,houstca01
343,Quinten Post,24,GSW,PF,31,13,507,15.6,.602,.621,.092,6.4,19.5,12.7,13.7,1.3,2.8,10.8,19.9,0.7,0.7,1.4,.131,0.8,0.4,1.2,0.4,,postqu01
344,Ryan Rollins,22,MIL,PG,43,8,502,12.9,.568,.430,.145,3.8,10.5,7.3,14.9,2.7,2.8,16.1,18.9,0.1,0.7,0.8,.076,-2.2,1.4,-0.8,0.2,,rolliry01
345,Tosan Evbuomwan,23,BRK,SF,21,0,501,10.7,.529,.335,.323,5.5,14.3,9.7,10.3,1.6,1.4,14.2,19.1,-0.1,0.4,0.3,.027,-3.4,-0.6,-4.0,-0.3,,evbuoto01
346,Josh Okogie,26,2TM,SG,32,2,500,16.7,.581,.389,.305,9.3,11.8,10.6,7.2,3.9,2.9,11.7,18.7,0.5,0.6,1.1,.108,0.1,1.8,1.9,0.5,,okogijo01
346,Josh Okogie,26,PHO,SG,25,1,351,15.8,.586,.368,.281,10.6,12.1,11.4,5.8,3.0,2.7,11.1,18.2,0.4,0.3,0.7,.098,0.1,0.3,0.4,0.2,,okogijo01
346,Josh Okogie,26,CHO,SG,7,1,149,18.8,.570,.434,.358,6.2,11.0,8.6,10.4,6.3,3.3,12.8,20.0,0.1,0.3,0.4,.134,0.2,5.3,5.5,0.3,,okogijo01
347,Zeke Nnaji,24,DEN,PF,48,3,498,12.2,.596,.345,.293,6.9,10.3,8.7,3.9,1.6,5.5,8.4,12.1,0.6,0.5,1.1,.102,-2.1,0.2,-1.9,0.0,,nnajize01
348,Rob Dillingham,20,MIN,PG,42,1,495,10.5,.508,.355,.074,2.7,8.1,5.5,28.9,1.8,0.2,19.3,22.7,-0.3,0.5,0.2,.015,-2.9,-1.0,-3.9,-0.2,,dilliro01
349,Jeff Dowtin,27,PHI,PG,36,1,487,15.7,.566,.303,.171,2.3,10.8,6.3,20.3,1.6,1.2,5.0,17.8,0.9,0.2,1.1,.106,0.7,-0.7,0.0,0.2,,dowtije01
350,Richaun Holmes,31,WAS,PF,27,7,486,19.5,.705,.024,.439,11.7,22.4,17.0,12.2,0.8,3.9,12.5,14.4,1.4,0.4,1.8,.175,1.0,0.2,1.2,0.4,,holmeri01
351,Grant Williams,26,CHO,PF,16,7,479,11.5,.596,.602,.301,3.9,14.7,9.1,11.3,1.8,2.7,16.7,14.8,0.3,0.5,0.7,.074,-2.3,0.6,-1.6,0.0,,willigr01
352,KJ Simpson,22,CHO,PG,23,4,470,8.4,.426,.420,.210,6.2,8.9,7.5,19.0,2.0,0.8,14.3,20.2,-0.6,0.3,-0.3,-0.027,-4.5,-0.7,-5.2,-0.4,,simpskj01
353,Pat Connaughton,32,MIL,SG,32,0,464,10.1,.538,.530,.162,4.1,14.5,9.5,14.8,0.6,1.8,13.2,13.6,0.3,0.4,0.7,.074,-1.9,-0.5,-2.4,0.0,,connapa01
354,Larry Nance Jr.,32,ATL,PF,24,3,463,16.0,.632,.490,.084,5.3,19.4,12.1,11.4,2.0,2.6,9.1,15.6,0.8,0.5,1.3,.130,1.0,0.6,1.6,0.4,,nancela02
355,Keaton Wallace,25,ATL,PG,28,4,454,9.5,.529,.529,.080,1.6,7.7,4.6,17.9,2.3,1.6,16.9,15.5,0.0,0.3,0.3,.032,-3.4,0.6,-2.8,-0.1,,wallake01
356,John Konchar,28,MEM,SG,37,4,450,11.2,.579,.693,.107,7.4,21.5,14.6,8.5,1.7,2.6,15.1,8.2,0.5,0.7,1.1,.120,-1.0,1.6,0.6,0.3,,konchjo01
357,Landry Shamet,27,NYK,SG,35,0,442,8.7,.573,.567,.075,1.6,7.6,4.6,5.0,2.0,0.4,10.1,13.5,0.1,0.3,0.5,.050,-3.1,0.4,-2.8,-0.1,,shamela01
358,Bol Bol,25,PHO,PF,32,10,426,18.0,.614,.503,.149,5.2,20.8,13.3,7.3,0.9,5.3,8.8,21.2,0.5,0.4,0.9,.097,1.2,-1.0,0.3,0.2,,bolbo01
359,Delon Wright,32,2TM,PG,30,2,424,7.9,.384,.600,.235,4.2,8.1,6.2,14.5,2.7,2.2,13.8,11.2,-0.3,0.5,0.3,.032,-3.9,1.5,-2.4,0.0,,wrighde01
359,Delon Wright,32,MIL,PG,26,2,405,7.4,.365,.598,.195,4.1,7.9,6.1,14.6,2.7,2.1,13.6,11.1,-0.3,0.5,0.2,.025,-4.2,1.5,-2.7,-0.1,,wrighde01
359,Delon Wright,32,NYK,PG,4,0,19,18.7,.735,.667,1.333,6.1,11.8,9.0,13.2,2.6,4.9,17.4,13.1,0.0,0.0,0.1,.176,3.5,2.2,5.7,0.0,,wrighde01
360,Dwight Powell,33,DAL,C,44,3,413,14.3,.739,.043,.804,10.4,14.7,12.6,12.9,1.5,4.3,18.4,7.9,1.0,0.4,1.4,.165,-1.4,1.8,0.4,0.3,,poweldw01
361,Mo Bamba,26,2TM,C,32,2,413,13.9,.557,.482,.241,8.6,30.5,19.6,6.0,1.1,7.5,13.9,15.1,0.2,0.8,1.0,.115,-2.8,1.8,-1.0,0.1,,bambamo01
361,Mo Bamba,26,LAC,C,28,2,352,14.5,.561,.485,.243,8.4,29.8,19.2,6.4,1.3,7.9,14.3,16.4,0.1,0.8,0.9,.121,-2.6,2.3,-0.4,0.1,,bambamo01
361,Mo Bamba,26,NOP,C,4,0,61,10.6,.506,.444,.222,10.2,34.7,22.0,4.2,0.0,4.7,9.2,7.5,0.1,0.0,0.1,.081,-3.5,-1.3,-4.8,0.0,,bambamo01
362,Jordan Miller,25,LAC,SF,34,0,411,10.8,.509,.282,.252,6.3,9.5,7.9,11.6,2.0,1.2,14.2,17.9,-0.1,0.5,0.5,.053,-2.7,0.2,-2.5,-0.1,,millejo02
363,Sandro Mamukelashvili,25,SAS,PF,46,0,410,20.1,.641,.598,.226,8.6,20.6,14.6,9.5,2.0,2.8,7.7,20.3,0.9,0.4,1.4,.161,3.3,-0.4,2.9,0.5,,mamuksa01
364,GG Jackson II,20,MEM,PF,25,2,406,10.5,.509,.506,.216,6.4,14.6,10.6,8.3,1.1,1.1,12.7,21.7,-0.1,0.4,0.3,.033,-2.3,-2.1,-4.3,-0.2,,jacksgg01
365,Ousmane Dieng,21,OKC,C,37,1,405,11.5,.538,.568,.128,4.8,16.3,10.7,9.7,2.0,1.7,12.0,15.7,0.2,0.7,0.9,.105,-2.1,1.0,-1.1,0.1,,diengou01
366,Jaylen Clark,23,MIN,SG,28,4,399,11.7,.575,.457,.283,5.9,4.1,5.0,6.5,3.7,0.2,3.7,11.7,0.6,0.6,1.2,.142,-3.1,2.8,-0.2,0.2,,clarkja02
367,Jalen Pickett,25,DEN,SG,36,0,398,9.9,.532,.550,.018,1.7,8.9,5.5,19.2,1.3,0.7,13.2,13.7,0.3,0.2,0.5,.059,-1.7,-0.9,-2.6,-0.1,,pickeja02
368,Jarred Vanderbilt,25,LAL,PF,23,2,389,13.7,.557,.355,.303,11.9,22.4,17.3,10.6,2.9,1.4,14.8,11.4,0.5,0.6,1.1,.136,-1.7,1.9,0.2,0.2,,vandeja01
369,Blake Wesley,21,SAS,SG,43,0,386,10.7,.518,.291,.300,1.9,7.2,4.6,27.6,2.4,0.9,21.9,17.6,-0.1,0.2,0.1,.012,-3.2,-0.8,-4.0,-0.2,,weslebl01
370,Trevelin Queen,27,ORL,SG,28,2,386,9.7,.447,.516,.133,6.2,7.3,6.7,12.8,3.5,2.5,13.4,17.7,-0.4,0.7,0.3,.036,-4.0,2.3,-1.7,0.0,,queentr01
371,Reggie Jackson,34,PHI,PG,31,1,384,9.9,.496,.556,.068,2.3,10.6,6.3,17.1,2.1,0.8,11.0,17.6,0.0,0.2,0.2,.019,-3.1,-0.8,-4.0,-0.2,,jacksre01
372,Jock Landale,29,HOU,C,36,1,383,14.6,.544,.147,.302,12.5,18.4,15.4,10.1,0.9,2.1,10.9,15.8,0.6,0.5,1.1,.139,-0.7,0.4,-0.4,0.2,,landajo01
373,Wendell Moore Jr.,23,2TM,SG,30,1,377,12.1,.554,.292,.229,7.1,15.4,11.3,12.3,1.8,1.0,13.9,13.7,0.3,0.4,0.7,.092,-1.8,0.0,-1.8,0.0,,moorewe01
373,Wendell Moore Jr.,23,DET,SG,20,1,219,12.4,.561,.280,.280,5.6,16.5,11.1,13.5,2.2,1.3,13.8,12.5,0.2,0.3,0.5,.119,-1.8,1.7,-0.1,0.1,,moorewe01
373,Wendell Moore Jr.,23,CHO,SG,10,0,158,11.7,.545,.304,.174,9.2,13.9,11.5,10.6,1.2,0.6,13.9,15.4,0.1,0.1,0.2,.054,-1.9,-2.3,-4.2,-0.1,,moorewe01
374,David Roddy,23,2TM,PF,30,3,375,12.4,.575,.482,.196,3.7,19.9,11.5,12.0,1.8,2.0,14.7,15.7,0.2,0.4,0.5,.067,-1.3,0.3,-1.0,0.1,,roddyda01
374,David Roddy,23,ATL,PF,27,3,346,11.8,.594,.462,.237,3.4,19.1,11.0,11.4,1.6,2.1,16.3,14.5,0.2,0.3,0.5,.070,-1.7,0.4,-1.3,0.1,,roddyda01
374,David Roddy,23,PHI,PF,3,0,29,19.3,.474,.579,.000,7.6,28.8,17.7,19.0,3.4,0.0,5.0,30.2,0.0,0.0,0.0,.040,3.2,-0.4,2.8,0.0,,roddyda01
375,Craig Porter Jr.,24,CLE,PG,43,0,371,13.9,.639,.359,.163,3.3,10.5,7.0,19.1,1.7,3.1,20.2,14.1,0.5,0.5,1.0,.125,0.6,1.4,2.0,0.4,,portecr01
376,Jaylon Tyson,22,CLE,SG,42,2,371,11.1,.540,.396,.189,9.4,13.9,11.7,12.8,1.2,0.5,14.2,15.3,0.4,0.4,0.8,.103,-2.3,-0.5,-2.7,-0.1,,tysonja01
377,Dillon Jones,23,OKC,SF,41,0,363,7.1,.409,.516,.211,6.9,16.8,11.9,12.9,1.1,0.8,12.6,13.9,-0.2,0.6,0.4,.050,-4.6,-0.2,-4.8,-0.3,,jonesdi01
378,Charles Bassey,24,SAS,C,34,1,363,19.8,.601,.000,.284,16.5,27.9,22.2,6.9,1.9,7.1,15.0,18.0,0.5,0.6,1.1,.141,-1.3,0.6,-0.7,0.1,,bassech01
379,Cory Joseph,33,ORL,PG,38,4,360,9.5,.511,.659,.099,2.7,10.2,6.2,16.6,2.2,1.1,11.2,13.0,0.1,0.5,0.6,.084,-3.3,1.3,-2.1,0.0,,josepco01
380,Robert Williams,27,POR,C,20,3,351,19.0,.679,.038,.218,10.7,26.2,18.3,8.6,1.8,8.6,16.6,12.2,0.6,0.6,1.3,.173,-0.1,3.0,2.9,0.4,,williro04
381,Paul Reed,25,DET,C,38,0,350,21.0,.605,.193,.298,11.2,20.0,15.6,14.5,4.9,5.2,13.4,17.9,0.7,0.9,1.6,.214,0.2,4.7,4.9,0.6,,reedpa01
382,Brandon Williams,25,DAL,PG,26,2,350,17.7,.635,.385,.315,1.9,10.4,6.2,21.8,2.1,0.7,13.4,20.9,0.7,0.3,1.0,.133,0.9,-0.3,0.6,0.2,,willibr03
383,Jordan Walsh,20,BOS,PF,43,1,347,7.3,.484,.677,.185,6.0,11.3,8.6,5.8,1.4,2.4,13.5,10.3,0.0,0.4,0.4,.061,-3.9,0.6,-3.3,-0.1,,walshjo01
384,Dante Exum,29,DAL,PG,18,12,344,14.1,.591,.376,.248,1.3,8.1,4.7,20.8,1.7,0.7,12.1,19.6,0.5,0.2,0.7,.092,-1.0,-1.0,-2.0,0.0,,exumda01
385,Mouhamed Gueye,22,ATL,PF,21,17,343,13.5,.511,.522,.183,5.5,16.7,10.9,6.2,2.9,6.4,6.8,15.9,0.1,0.5,0.6,.088,-2.1,1.9,-0.2,0.2,,gueyemo02
386,Alex Len,31,2TM,C,43,6,343,11.2,.520,.115,.250,11.1,15.9,13.5,13.0,1.1,5.7,18.4,8.9,0.4,0.4,0.7,.104,-3.0,1.5,-1.5,0.0,,lenal01
386,Alex Len,31,SAC,C,36,3,258,13.0,.557,.146,.317,10.8,16.9,13.8,14.4,1.5,6.8,19.1,9.6,0.3,0.3,0.7,.121,-2.1,2.4,0.3,0.2,,lenal01
386,Alex Len,31,LAL,C,7,3,85,5.6,.364,.000,.000,12.2,12.8,12.5,8.8,0.0,2.2,15.4,6.7,0.0,0.1,0.1,.050,-5.8,-1.1,-6.9,-0.1,,lenal01
387,Antonio Reeves,24,NOP,SG,32,0,340,10.3,.532,.545,.106,4.3,7.2,5.7,9.7,1.6,0.6,11.1,17.9,0.0,0.0,0.0,.006,-1.5,-2.1,-3.7,-0.1,,reevean01
388,Trey Jemison,25,2TM,C,31,0,337,9.1,.521,.000,.463,11.6,16.7,14.2,5.6,1.2,3.9,17.4,12.4,0.0,0.3,0.3,.043,-6.3,-0.2,-6.4,-0.4,,jemistr01
388,Trey Jemison,25,NOP,C,16,0,166,9.4,.461,.000,.656,13.8,14.8,14.3,8.0,2.0,3.4,19.5,13.0,-0.1,0.1,0.0,.010,-5.8,-0.4,-6.3,-0.2,,jemistr01
388,Trey Jemison,25,LAL,C,15,0,171,8.7,.584,.000,.286,9.5,18.5,14.1,3.2,0.3,4.4,15.1,11.9,0.1,0.2,0.3,.075,-6.7,0.1,-6.6,-0.2,,jemistr01
389,Hunter Tyson,24,DEN,PF,44,1,336,8.1,.520,.648,.261,6.2,15.3,10.9,5.6,1.1,1.3,11.7,14.0,0.1,0.2,0.3,.045,-3.8,-1.5,-5.2,-0.3,,tysonhu01
390,Reece Beekman,23,2TM,PG,30,0,333,5.2,.367,.403,.143,2.6,6.5,4.5,16.1,2.9,0.6,16.4,12.9,-0.5,0.3,-0.2,-0.032,-7.2,0.6,-6.7,-0.4,,beekmre01
390,Reece Beekman,23,GSW,PG,2,0,4,42.3,1.000,.000,.000,26.0,0.0,13.3,41.7,12.1,0.0,0.0,10.5,0.0,0.0,0.0,.595,9.9,16.1,26.0,0.0,,beekmre01
390,Reece Beekman,23,BRK,PG,28,0,329,4.7,.359,.408,.145,2.3,6.6,4.4,15.8,2.7,0.6,16.5,12.9,-0.5,0.3,-0.3,-0.040,-7.4,0.4,-7.1,-0.4,,beekmre01
391,Terrence Shannon Jr.,24,MIN,SG,28,1,323,12.7,.569,.268,.188,3.5,12.1,7.9,13.4,1.1,1.4,10.4,18.1,0.3,0.3,0.7,.097,-1.6,-0.1,-1.7,0.0,,shannte01
392,Jeff Green,38,HOU,PF,26,2,319,12.6,.636,.611,.189,2.9,12.6,7.6,5.6,0.8,1.1,7.2,14.3,0.6,0.4,1.0,.144,-0.5,0.4,-0.1,0.2,,greenje02
393,Tre Mann,23,CHO,PG,13,0,319,13.4,.537,.373,.130,3.9,8.9,6.3,21.2,1.1,1.2,12.8,25.9,0.0,0.1,0.2,.025,-0.5,-1.9,-2.5,0.0,,manntr01
394,Duop Reath,28,POR,C,37,0,318,13.0,.532,.701,.154,7.4,12.5,9.9,8.6,1.4,3.4,8.8,18.0,0.3,0.3,0.6,.084,-0.2,-0.1,-0.3,0.1,,reathdu01
395,Vince Williams Jr.,24,MEM,SG,17,2,313,8.9,.492,.541,.183,5.2,15.3,10.3,13.2,1.6,1.2,16.9,18.1,-0.2,0.4,0.2,.029,-3.2,0.0,-3.2,-0.1,,willivi01
396,Malaki Branham,21,SAS,SG,38,0,311,9.6,.566,.488,.182,1.0,12.0,6.5,12.4,1.2,0.6,18.2,21.9,-0.3,0.1,-0.2,-0.023,-2.6,-1.9,-4.5,-0.2,,branhma01
397,Jamal Cain,25,NOP,SF,27,0,308,9.7,.508,.584,.312,6.7,12.7,9.6,7.0,2.0,2.2,12.1,13.6,0.0,0.1,0.2,.027,-3.2,-0.4,-3.6,-0.1,,cainja01
398,Rayan Rupert,20,POR,SG,41,0,307,7.2,.490,.451,.244,7.3,9.0,8.2,8.0,1.3,0.6,17.3,15.0,-0.2,0.2,0.0,.002,-3.7,-1.4,-5.1,-0.2,,ruperra01
399,Taj Gibson,39,CHO,C,27,11,306,11.1,.519,.029,.229,13.9,19.7,16.7,7.6,1.3,3.9,20.6,13.4,0.0,0.3,0.3,.051,-5.2,0.1,-5.1,-0.2,,gibsota01
400,Christian Koloko,24,LAL,C,33,0,304,12.5,.621,.050,.167,11.4,16.9,14.2,7.2,1.1,3.4,14.6,10.9,0.4,0.4,0.8,.126,-3.1,0.2,-2.9,-0.1,,kolokch01
401,Quenton Jackson,26,IND,PG,22,7,301,13.3,.581,.309,.266,4.5,8.2,6.4,17.8,2.1,1.5,11.8,17.1,0.4,0.2,0.6,.102,-1.8,0.0,-1.7,0.0,,jacksqu01
402,Patty Mills,36,2TM,PG,25,0,298,6.7,.495,.779,.105,1.1,6.5,3.8,11.4,2.1,0.9,15.9,15.0,-0.2,0.1,-0.1,-0.011,-4.2,0.1,-4.1,-0.2,,millspa02
402,Patty Mills,36,UTA,PG,17,0,260,6.3,.473,.750,.066,1.3,7.4,4.4,11.0,2.2,1.1,17.0,15.1,-0.3,0.1,-0.2,-0.033,-4.4,0.1,-4.4,-0.2,,millspa02
402,Patty Mills,36,LAC,PG,8,0,38,9.5,.638,1.000,.400,0.0,0.0,0.0,14.1,1.3,0.0,7.8,14.6,0.1,0.0,0.1,.135,-2.5,0.0,-2.4,0.0,,millspa02
403,Jordan Goodwin,26,LAL,PG,14,3,295,14.3,.624,.487,.038,8.6,13.3,11.0,8.0,2.7,2.2,11.2,13.3,0.4,0.4,0.8,.133,-0.5,1.2,0.7,0.2,,goodwjo01
404,Damion Baugh,24,CHO,SG,11,2,287,7.9,.430,.440,.130,2.9,9.9,6.3,22.2,2.4,0.3,16.6,18.7,-0.4,0.2,-0.2,-0.028,-5.0,-0.6,-5.7,-0.3,,baughda01
405,Doug McDermott,33,SAC,SF,36,3,286,8.0,.601,.857,.055,0.8,6.3,3.5,1.8,0.7,0.7,6.0,14.8,0.2,0.1,0.3,.044,-2.2,-2.3,-4.5,-0.2,,mcderdo01
406,Bismack Biyombo,32,SAS,C,16,15,283,14.0,.654,.000,.304,8.3,21.1,14.7,9.1,1.9,4.1,19.1,11.8,0.3,0.3,0.6,.100,-2.7,0.2,-2.5,0.0,,biyombi01
407,Johnny Furphy,20,IND,SG,41,0,273,8.7,.493,.571,.143,7.1,12.7,9.9,4.5,2.5,2.7,11.8,12.0,0.0,0.3,0.3,.050,-3.4,0.4,-3.0,-0.1,,furphjo01
408,Dru Smith,27,MIA,SG,14,1,268,13.3,.656,.492,.197,5.0,9.8,7.4,12.3,3.9,2.2,20.4,13.8,0.2,0.4,0.6,.113,-1.4,3.4,1.9,0.3,,smithdr01
409,Elfrid Payton,30,2TM,PG,13,5,267,8.7,.390,.015,.030,2.3,12.9,7.4,36.0,2.9,2.2,28.5,15.0,-0.4,0.2,-0.2,-0.034,-5.8,0.4,-5.4,-0.2,,paytoel01
409,Elfrid Payton,30,NOP,PG,7,3,144,14.7,.501,.022,.043,3.6,14.7,9.0,48.7,3.4,2.0,29.9,19.6,-0.1,0.1,0.0,.008,-2.3,0.2,-2.1,0.0,,paytoel01
409,Elfrid Payton,30,CHO,PG,6,2,123,1.7,.143,.000,.000,0.8,10.7,5.6,21.0,2.4,2.4,25.0,9.6,-0.3,0.1,-0.2,-0.084,-9.9,0.6,-9.3,-0.2,,paytoel01
410,A.J. Lawson,24,TOR,SG,14,2,266,11.6,.531,.561,.281,4.8,14.1,9.4,7.7,0.7,0.7,5.9,21.5,0.2,0.1,0.3,.055,-1.1,-2.1,-3.2,-0.1,,lawsoaj01
411,Isaiah Wong,24,CHO,SG,20,0,265,10.9,.500,.314,.324,5.5,7.4,6.4,16.4,2.0,0.0,13.0,22.0,-0.1,0.2,0.1,.015,-2.9,-1.1,-4.0,-0.1,,wongis01
412,Anthony Gill,32,WAS,PF,43,0,255,9.8,.606,.352,.611,2.8,13.1,8.0,6.1,1.1,0.7,9.3,12.4,0.2,0.1,0.3,.057,-3.1,-0.9,-4.0,-0.1,,gillan01
413,Tristan Thompson,33,CLE,C,35,0,252,8.3,.400,.056,.407,10.2,30.2,20.5,10.5,0.2,2.8,14.7,12.6,-0.1,0.4,0.3,.052,-4.9,0.3,-4.7,-0.2,,thomptr01
414,Isaac Jones,24,SAC,PF,30,0,252,15.1,.689,.090,.507,7.5,12.4,10.0,5.6,0.8,3.1,13.7,16.1,0.5,0.2,0.6,.120,-1.0,-0.8,-1.8,0.0,,jonesis01
415,Josh Minott,22,MIN,SF,39,0,246,12.8,.538,.449,.167,4.5,14.2,9.4,8.7,2.8,4.5,10.7,16.5,0.1,0.4,0.5,.104,-2.7,2.9,0.1,0.1,,minotjo01
416,Kevin Love,36,MIA,PF,22,9,246,16.6,.488,.583,.200,9.9,32.0,21.0,13.8,3.0,1.6,10.1,25.2,-0.1,0.5,0.4,.078,-0.2,0.6,0.4,0.2,,loveke01
417,Colin Castleton,24,2TM,C,17,3,243,10.5,.544,.157,.471,13.6,17.5,15.6,7.7,0.6,3.1,21.6,13.4,0.1,0.2,0.3,.057,-4.9,-1.1,-5.9,-0.2,,castlco01
417,Colin Castleton,24,MEM,C,10,0,46,7.3,.472,.400,1.100,7.0,13.6,10.4,0.0,1.0,2.0,6.3,13.8,0.0,0.0,0.1,.072,-6.0,-1.0,-7.1,-0.1,,castlco01
417,Colin Castleton,24,TOR,C,7,3,197,11.2,.567,.098,.317,15.2,18.4,16.8,9.5,0.5,3.4,25.5,13.4,0.1,0.2,0.2,.053,-4.6,-1.1,-5.7,-0.2,,castlco01
418,Johnny Davis,22,WAS,SG,34,0,242,10.1,.473,.372,.192,4.3,12.1,8.2,6.6,2.9,2.2,7.6,15.8,-0.1,0.2,0.1,.013,-3.5,0.7,-2.8,0.0,,davisjo06
419,Kai Jones,24,2TM,C,29,0,242,15.8,.773,.043,.348,7.9,16.9,12.5,5.7,1.2,5.7,17.2,11.5,0.5,0.4,0.8,.166,-1.2,1.9,0.8,0.2,,joneska01
419,Kai Jones,24,LAC,C,28,0,208,14.5,.739,.056,.333,8.2,16.6,12.4,6.6,1.4,6.2,19.5,10.7,0.3,0.3,0.7,.156,-2.0,2.5,0.5,0.1,,joneska01
419,Kai Jones,24,DAL,C,1,0,34,24.0,.893,.000,.400,6.5,18.8,12.7,0.0,0.0,2.5,7.8,16.1,0.1,0.0,0.2,.225,4.2,-1.6,2.6,0.0,,joneska01
420,Tristan Vukcevic,21,WAS,C,22,0,235,17.7,.591,.500,.264,6.6,23.6,15.1,14.2,1.4,3.8,13.4,25.2,0.2,0.2,0.4,.077,0.4,-0.2,0.2,0.1,,vukcetr01
421,Devin Carter,22,SAC,PG,24,0,231,13.2,.496,.494,.456,5.8,19.9,12.8,16.5,2.1,1.3,10.4,19.6,0.1,0.3,0.4,.074,-1.8,-0.1,-1.9,0.0,,cartede02
422,Bones Hyland,24,2TM,PG,21,0,229,16.2,.568,.692,.222,2.5,9.3,5.9,19.5,3.9,1.7,15.7,28.9,0.0,0.4,0.4,.088,1.0,1.7,2.7,0.3,,hylanbo01
422,Bones Hyland,24,LAC,PG,20,0,222,16.4,.569,.696,.226,2.6,9.6,6.1,19.4,4.0,1.8,16.0,29.4,0.0,0.4,0.4,.088,1.3,1.8,3.1,0.3,,hylanbo01
422,Bones Hyland,24,MIN,PG,1,0,7,7.1,.500,.500,.000,0.0,0.0,0.0,20.5,0.0,0.0,0.0,12.4,0.0,0.0,0.0,.078,-7.7,-1.6,-9.3,0.0,,hylanbo01
423,Jevon Carter,29,CHI,PG,30,0,228,13.5,.547,.722,.103,0.9,11.8,6.4,19.0,1.8,0.8,8.2,20.2,0.2,0.2,0.3,.072,-0.1,-1.1,-1.2,0.0,,carteje01
424,Kobe Brown,25,LAC,PF,32,0,227,12.1,.521,.333,.079,9.0,18.7,13.9,12.2,1.3,1.3,10.9,14.0,0.2,0.3,0.5,.104,-2.0,0.3,-1.7,0.0,,brownko01
425,Jaden Springer,22,2TM,SG,33,0,224,11.9,.540,.528,.585,3.4,12.1,7.8,13.1,3.7,1.3,13.0,14.7,0.2,0.3,0.5,.104,-4.0,3.0,-1.1,0.0,,sprinja01
425,Jaden Springer,22,BOS,SG,26,0,141,12.1,.520,.559,.618,3.1,15.4,9.3,9.2,4.2,0.7,8.5,14.7,0.1,0.3,0.4,.130,-4.4,3.9,-0.4,0.1,,sprinja01
425,Jaden Springer,22,UTA,PG,7,0,83,11.5,.577,.474,.526,3.9,6.4,5.2,19.9,2.9,2.3,20.4,14.8,0.1,0.1,0.1,.061,-3.5,1.3,-2.2,0.0,,sprinja01
426,Dominick Barlow,21,ATL,SF,23,3,223,13.8,.546,.240,.227,6.2,15.6,10.7,5.6,1.5,5.3,3.5,15.7,0.2,0.2,0.5,.100,-2.1,-0.2,-2.3,0.0,,barlodo01
427,Ariel Hukporti,22,NYK,C,25,1,217,7.6,.654,.000,.419,7.5,19.2,13.4,6.3,0.2,6.4,36.4,11.5,-0.2,0.2,0.1,.020,-6.4,0.8,-5.6,-0.2,,hukpoar01
428,Jordan McLaughlin,28,2TM,PG,36,0,217,12.1,.591,.600,.380,2.0,9.8,5.9,20.4,2.7,0.0,17.1,13.9,0.3,0.2,0.4,.096,-1.9,0.3,-1.6,0.0,,mclaujo01
428,Jordan McLaughlin,28,SAC,PG,28,0,190,9.3,.519,.591,.364,2.3,10.0,6.2,15.7,2.8,0.0,17.7,14.0,0.0,0.2,0.2,.046,-3.9,0.3,-3.6,-0.1,,mclaujo01
428,Jordan McLaughlin,28,SAS,PG,8,0,27,31.9,1.093,.667,.500,0.0,7.9,4.0,54.0,1.8,0.0,12.0,13.1,0.2,0.0,0.3,.449,11.8,0.3,12.2,0.1,,mclaujo01
429,Pat Spencer,28,GSW,PG,32,0,215,12.1,.434,.191,.169,7.3,14.8,10.9,25.7,2.7,1.3,13.6,21.6,-0.1,0.3,0.2,.039,-3.5,1.3,-2.2,0.0,,spencpa01
430,Marvin Bagley III,25,2TM,PF,24,1,212,17.5,.565,.173,.333,14.7,17.2,16.0,5.6,1.6,3.0,10.6,20.4,0.2,0.2,0.4,.091,0.3,-1.9,-1.6,0.0,,baglema01
430,Marvin Bagley III,25,WAS,C,19,1,166,19.9,.573,.141,.324,16.9,18.3,17.6,7.1,2.0,2.7,11.9,23.2,0.2,0.1,0.3,.092,1.0,-2.0,-1.0,0.0,,baglema01
430,Marvin Bagley III,25,MEM,PF,5,0,46,9.0,.510,.400,.400,7.0,13.6,10.4,0.0,0.0,3.9,0.0,10.2,0.0,0.0,0.1,.087,-2.2,-1.5,-3.7,0.0,,baglema01
431,Xavier Tillman Sr.,26,BOS,C,29,1,207,2.7,.320,.587,.043,4.7,15.3,10.0,4.2,2.2,2.2,20.4,12.5,-0.5,0.3,-0.2,-0.050,-7.9,0.1,-7.7,-0.3,,tillmxa01
432,Dario Šarić,30,DEN,C,15,4,203,7.4,.430,.464,.179,7.9,18.1,13.2,12.7,1.7,0.4,18.8,15.5,-0.2,0.2,0.0,-0.002,-4.4,-0.5,-4.9,-0.1,,saricda01
433,Luka Garza,26,MIN,C,33,0,202,17.2,.537,.357,.316,17.1,10.8,13.9,8.0,1.5,1.4,9.0,26.3,0.3,0.2,0.5,.116,-1.6,-2.4,-3.9,-0.1,,garzalu01
434,Torrey Craig,34,2TM,SF,18,2,199,15.8,.634,.754,.145,9.7,12.7,11.2,5.7,0.7,2.7,2.7,16.1,0.5,0.2,0.7,.164,1.7,-0.9,0.7,0.1,,craigto01
434,Torrey Craig,34,CHI,SF,9,1,113,17.2,.663,.778,.089,7.5,15.6,11.6,6.4,0.8,0.8,0.0,17.3,0.3,0.1,0.4,.170,3.3,-1.2,2.1,0.1,,craigto01
434,Torrey Craig,34,BOS,SF,9,1,86,14.0,.582,.708,.250,12.7,8.9,10.8,4.7,0.6,5.3,7.0,14.6,0.2,0.1,0.3,.156,-0.5,-0.5,-1.0,0.0,,craigto01
435,Lonnie Walker IV,26,PHI,SG,10,1,192,10.2,.481,.613,.150,2.3,18.0,9.8,14.7,1.0,1.6,11.4,22.0,-0.2,0.1,-0.1,-0.017,-2.0,-3.0,-5.0,-0.1,,walkelo01
436,Cam Spencer,24,MEM,SG,16,0,187,13.8,.611,.630,.278,5.2,8.9,7.1,15.7,1.5,0.5,7.6,14.0,0.5,0.2,0.6,.165,0.4,0.3,0.7,0.1,,spencca01
437,Garrett Temple,38,TOR,SG,23,0,174,6.4,.352,.488,.244,3.1,11.4,7.2,17.9,3.9,1.1,16.5,13.1,-0.2,0.2,0.0,.002,-7.1,2.5,-4.6,-0.1,,templga01
438,Jaylen Nowell,25,NOP,SG,8,0,168,7.6,.430,.370,.151,3.7,9.3,6.4,15.5,0.3,2.3,9.3,21.5,-0.2,0.0,-0.2,-0.067,-3.2,-2.6,-5.8,-0.2,,nowelja01
439,Killian Hayes,23,BRK,PG,6,5,162,12.8,.559,.488,.279,3.4,9.6,6.4,28.5,1.2,2.5,15.7,15.5,0.2,0.1,0.3,.096,-0.4,-0.2,-0.7,0.1,,hayeski01
440,Collin Gillespie,25,PHO,PG,20,1,160,16.8,.579,.509,.208,8.0,12.0,10.1,25.6,1.2,1.7,8.0,17.4,0.5,0.1,0.5,.158,2.2,0.2,2.5,0.2,,gilleco01
441,Baylor Scheierman,24,BOS,SG,19,0,159,12.0,.525,.711,.133,4.8,14.4,9.6,11.7,2.2,0.0,4.0,13.7,0.2,0.2,0.4,.132,-1.7,1.0,-0.7,0.1,,scheiba01
442,Jared Rhoden,25,2TM,SG,10,2,159,12.5,.523,.467,.300,7.3,13.1,10.2,7.3,2.1,1.2,9.3,19.8,0.1,0.1,0.2,.061,-2.6,-0.5,-3.1,0.0,,rhodeja01
442,Jared Rhoden,25,CHO,SG,4,0,12,5.4,.250,.250,.000,17.2,18.3,17.7,26.4,4.1,0.0,11.1,31.7,-0.1,0.0,-0.1,-0.222,-7.4,-1.3,-8.7,0.0,,rhodeja01
442,Jared Rhoden,25,TOR,SG,6,2,147,13.1,.559,.500,.346,6.5,12.7,9.6,5.8,2.0,1.3,9.1,18.8,0.1,0.1,0.3,.084,-2.2,-0.4,-2.6,0.0,,rhodeja01
443,Colby Jones,22,2TM,SG,26,0,157,7.7,.467,.400,.000,7.0,12.0,9.5,8.0,1.9,4.9,21.1,10.3,-0.1,0.2,0.1,.023,-4.4,0.7,-3.7,-0.1,,jonesco02
443,Colby Jones,22,SAC,SG,24,0,130,8.6,.500,.385,.000,6.8,12.9,9.9,6.7,2.2,5.2,21.2,10.9,-0.1,0.2,0.1,.037,-3.9,1.2,-2.7,0.0,,jonesco02
443,Colby Jones,22,WAS,SG,2,0,27,3.8,.250,.500,.000,7.7,7.7,7.7,14.1,0.0,3.3,20.0,7.7,0.0,0.0,0.0,-0.046,-6.8,-1.6,-8.4,0.0,,jonesco02
444,Tyler Kolek,23,NYK,PG,31,0,155,10.5,.522,.600,.120,1.5,9.4,5.5,19.1,2.2,0.6,14.6,17.2,0.1,0.1,0.2,.060,-3.2,-0.1,-3.2,0.0,,kolekty01
445,Josh Richardson,31,MIA,SG,8,0,150,4.4,.402,.579,.105,4.4,4.4,4.4,10.8,2.7,0.6,16.8,14.2,-0.2,0.1,-0.1,-0.027,-7.4,0.5,-6.9,-0.2,,richajo01
446,AJ Johnson,20,2TM,SG,14,1,150,9.0,.495,.426,.170,0.7,13.9,7.4,24.4,1.3,0.6,19.2,17.7,-0.1,0.1,0.0,-0.013,-5.0,-1.0,-6.0,-0.2,,johnsaj01
446,AJ Johnson,20,MIL,SG,7,0,44,10.7,.503,.263,.105,0.0,16.5,8.6,23.3,1.1,0.0,16.8,23.6,-0.1,0.0,0.0,-0.019,-3.3,-2.0,-5.3,0.0,,johnsaj01
446,AJ Johnson,20,WAS,SG,7,1,106,8.2,.490,.536,.214,1.0,12.8,6.9,24.9,1.3,0.8,20.7,15.2,-0.1,0.0,0.0,-0.010,-5.7,-0.6,-6.3,-0.1,,johnsaj01
447,Drew Peterson,25,BOS,PF,18,1,149,11.1,.639,.793,.241,3.7,18.3,11.0,11.3,1.3,1.2,15.8,11.2,0.2,0.2,0.4,.130,-1.4,1.6,0.2,0.1,,peterdr01
448,Bruno Fernando,26,TOR,C,17,2,147,15.4,.552,.000,.163,15.3,22.4,18.8,18.1,1.3,5.9,21.0,19.0,0.1,0.2,0.2,.081,-2.8,2.1,-0.7,0.0,,fernabr01
449,MarJon Beauchamp,24,3TM,SF,30,0,144,9.9,.523,.456,.281,7.0,20.3,13.9,10.0,1.0,0.6,19.0,23.9,-0.2,0.2,0.0,-0.014,-3.8,-2.1,-5.9,-0.1,,beaucma01
449,MarJon Beauchamp,24,MIL,SF,26,0,122,8.5,.497,.447,.255,6.4,21.3,14.1,9.1,1.2,0.8,19.9,23.3,-0.2,0.1,-0.1,-0.037,-4.8,-1.9,-6.7,-0.1,,beaucma01
449,MarJon Beauchamp,24,LAC,SF,3,0,17,22.3,.685,.429,.571,13.3,6.6,9.9,19.1,0.0,0.0,10.2,24.9,0.1,0.0,0.1,.219,5.9,-2.0,3.9,0.0,,beaucma01
449,MarJon Beauchamp,24,NYK,SF,1,0,5,0.6,.500,.667,.000,0.0,45.0,22.8,0.0,0.0,0.0,25.0,34.7,0.0,0.0,0.0,-0.233,-12.7,-6.1,-18.8,0.0,,beaucma01
450,Enrique Freeman,24,IND,PF,20,1,139,6.6,.538,.240,.600,4.9,10.4,7.7,7.1,0.7,1.3,13.7,11.4,0.0,0.1,0.1,.038,-5.1,-1.5,-6.7,-0.2,,freemen01
451,Elijah Harkless,24,UTA,SG,10,0,138,7.9,.425,.714,.171,7.1,9.3,8.2,7.7,3.5,0.7,7.4,12.3,0.0,0.1,0.1,.030,-5.2,1.5,-3.7,-0.1,,harklej01
452,Mitchell Robinson,26,NYK,C,8,1,129,18.8,.674,.000,.192,19.8,14.8,17.3,4.0,3.4,4.3,15.1,11.2,0.3,0.2,0.5,.199,0.6,1.5,2.1,0.1,,robinmi01
453,Kobe Bufkin,21,ATL,SG,10,0,124,10.6,.483,.404,.383,4.3,14.5,9.2,18.4,1.1,1.5,12.7,20.8,0.0,0.1,0.0,.018,-3.5,-0.6,-4.1,-0.1,,bufkiko01
454,Branden Carlson,25,OKC,C,20,0,121,16.4,.626,.791,.093,4.5,20.8,12.8,7.6,0.8,6.6,6.3,16.7,0.2,0.2,0.5,.189,1.1,1.1,2.2,0.1,,carlsbr01
455,De'Anthony Melton,26,GSW,SG,6,2,121,13.3,.539,.648,.148,5.2,12.7,8.8,21.0,2.8,1.6,14.8,23.4,0.0,0.2,0.2,.076,-1.5,0.8,-0.8,0.0,,meltode01
456,Moses Brown,25,2TM,C,13,2,119,22.5,.706,.000,.224,11.2,29.0,20.2,2.9,2.4,2.9,17.0,23.5,0.2,0.2,0.4,.145,-0.3,0.3,0.1,0.1,,brownmo01
456,Moses Brown,25,IND,C,9,0,46,16.1,.653,.000,.250,9.9,21.8,15.9,0.0,2.1,2.0,21.3,26.5,0.0,0.1,0.0,.016,-3.9,-1.6,-5.5,0.0,,brownmo01
456,Moses Brown,25,DAL,C,4,2,73,26.4,.743,.000,.207,12.0,33.6,23.0,4.7,2.7,3.5,13.6,21.5,0.2,0.1,0.3,.227,2.0,1.5,3.6,0.1,,brownmo01
457,Alex Reese,25,2TM,PF,9,0,116,14.5,.629,.714,.179,5.7,19.6,12.3,2.4,3.0,6.9,11.7,12.9,0.1,0.2,0.3,.108,-1.6,0.5,-1.2,0.0,,reeseal01
457,Alex Reese,25,OKC,PF,1,0,2,53.9,1.000,.000,.000,54.4,0.0,26.7,0.0,0.0,0.0,0.0,21.2,0.0,0.0,0.0,.589,23.2,-3.7,19.5,0.0,,reeseal01
457,Alex Reese,25,PHI,PF,8,0,114,13.8,.616,.741,.185,4.8,19.9,12.0,2.5,3.0,7.0,12.0,12.8,0.1,0.2,0.2,.100,-2.0,0.5,-1.5,0.0,,reeseal01
458,Damion Lee,32,PHO,SG,18,0,109,10.6,.488,.500,.315,2.1,11.7,7.1,12.2,1.8,0.0,11.5,28.2,-0.1,0.0,-0.1,-0.043,-3.8,-2.0,-5.8,-0.1,,leeda03
459,Maxwell Lewis,22,2TM,SF,16,0,109,11.0,.596,.419,.065,4.1,14.3,8.9,8.3,1.8,0.9,11.1,14.4,0.1,0.1,0.2,.068,-1.9,-0.1,-2.0,0.0,,lewisma05
459,Maxwell Lewis,22,LAL,SF,7,0,29,2.2,.333,.000,.000,8.0,0.0,3.9,8.8,1.7,0.0,25.0,12.1,-0.1,0.0,0.0,-0.078,-6.6,-2.9,-9.5,-0.1,,lewisma05
459,Maxwell Lewis,22,BRK,SF,9,0,80,14.2,.657,.520,.080,2.7,19.5,10.7,8.1,1.9,1.3,7.2,15.3,0.1,0.1,0.2,.121,-0.2,0.9,0.7,0.1,,lewisma05
460,Joe Ingles,37,MIN,SF,18,0,108,4.1,.375,.650,.000,2.1,9.1,5.6,26.0,0.9,0.0,28.6,11.2,-0.1,0.1,0.0,-0.004,-5.5,0.2,-5.3,-0.1,,inglejo01
461,Adam Flagler,25,OKC,SG,27,0,105,-0.5,.293,.810,.000,3.1,7.0,5.1,0.0,2.3,1.9,1.7,23.8,-0.5,0.2,-0.3,-0.146,-11.0,-3.4,-14.4,-0.3,,flaglad01
462,TyTy Washington Jr.,23,PHO,PG,13,0,103,7.4,.380,.513,.103,4.5,8.3,6.5,19.8,1.4,0.0,6.9,18.8,-0.1,0.0,-0.1,-0.040,-4.7,-2.1,-6.7,-0.1,,washity02
463,Patrick Baldwin Jr.,22,WAS,SF,22,0,101,14.5,.676,.636,.121,5.1,17.6,11.3,3.0,1.4,1.8,12.6,16.4,0.1,0.1,0.1,.071,1.3,-1.6,-0.3,0.0,,baldwpa01
464,Oscar Tshiebwe,25,UTA,C,7,0,100,21.5,.690,.000,.522,17.5,38.5,28.1,4.4,2.9,0.0,6.6,12.6,0.3,0.1,0.5,.232,0.2,-0.8,-0.6,0.0,,tshieos01
465,Pacome Dadiet,19,NYK,SG,15,0,98,6.5,.443,.643,.107,0.0,16.1,8.2,6.3,1.5,1.9,6.4,13.9,-0.1,0.1,0.0,.014,-4.8,-0.9,-5.7,-0.1,,dadiepa01
466,Lamar Stevens,27,MEM,PF,9,0,97,11.1,.528,.469,.281,3.3,27.9,15.8,6.4,1.9,2.8,14.3,17.3,0.0,0.2,0.1,.072,-3.7,0.2,-3.4,0.0,,stevela01
467,Markieff Morris,35,2TM,PF,12,0,97,3.7,.349,.553,.085,2.4,14.4,8.5,16.8,0.5,0.9,5.8,23.2,-0.3,0.1,-0.2,-0.096,-6.8,-3.2,-10.0,-0.2,,morrima02
467,Markieff Morris,35,DAL,PF,7,0,41,0.0,.273,.591,.000,0.0,20.8,10.6,13.0,1.2,2.1,8.3,25.1,-0.2,0.0,-0.2,-0.222,-10.3,-2.9,-13.2,-0.1,,morrima02
467,Markieff Morris,35,LAL,PF,5,0,56,6.5,.411,.520,.160,4.1,9.7,7.0,19.7,0.0,0.0,3.6,21.8,0.0,0.0,0.0,-0.003,-4.3,-3.3,-7.6,-0.1,,morrima02
468,Bronny James,20,LAL,SG,20,0,94,5.7,.385,.579,.289,3.7,8.1,6.0,11.4,2.6,2.0,12.3,22.8,-0.3,0.1,-0.2,-0.078,-7.3,-1.4,-8.7,-0.2,,jamesbr02
469,Jae Crowder,34,SAC,PF,7,2,92,6.7,.509,.706,.353,7.2,13.4,10.3,5.3,1.6,0.0,16.9,11.0,0.0,0.1,0.1,.037,-4.0,-0.4,-4.4,-0.1,,crowdja01
470,Oshae Brissett,26,PHI,SF,3,1,91,11.9,.644,.462,.308,7.2,6.6,6.9,5.0,1.6,3.3,21.3,18.1,0.0,0.0,0.0,.014,-1.2,-2.2,-3.4,0.0,,brissos01
471,Jalen Hood-Schifino,21,2TM,SG,5,0,88,14.2,.632,.586,.207,2.6,10.9,6.5,10.3,1.1,2.2,5.9,16.7,0.2,0.0,0.2,.118,-0.3,-1.1,-1.3,0.0,,hoodsja01
471,Jalen Hood-Schifino,21,LAL,SG,2,0,14,11.5,1.064,.000,2.000,8.3,0.0,4.0,9.2,0.0,6.7,34.7,9.0,0.0,0.0,0.0,.160,-3.8,1.5,-2.3,0.0,,hoodsja01
471,Jalen Hood-Schifino,21,PHI,SG,3,0,74,14.7,.605,.607,.143,1.5,12.9,7.0,10.5,1.3,1.3,3.3,18.2,0.1,0.0,0.2,.110,0.4,-1.6,-1.2,0.0,,hoodsja01
472,Jeenathan Williams,25,HOU,SG,14,0,86,8.2,.490,.447,.105,1.2,7.6,4.3,8.5,2.8,4.2,18.5,23.3,-0.2,0.1,0.0,-0.019,-5.8,1.1,-4.8,-0.1,,willije02
473,Trey Alexander,21,DEN,SG,20,0,85,1.7,.342,.385,.154,0.0,11.1,5.8,10.9,0.6,1.0,9.8,15.3,-0.2,0.0,-0.1,-0.078,-8.2,-2.0,-10.2,-0.2,,alexatr01
474,Tyler Smith,20,MIL,PF,18,0,85,13.4,.568,.541,.108,5.3,19.5,12.7,7.1,1.1,3.3,13.4,22.9,0.0,0.1,0.1,.042,-0.7,-0.4,-1.1,0.0,,smithty02
475,Isaiah Jackson,23,IND,C,5,1,84,18.3,.600,.000,.609,14.9,22.6,18.8,8.1,1.7,8.6,14.6,17.6,0.1,0.1,0.3,.148,-1.0,1.7,0.6,0.1,,jacksis01
476,Markelle Fultz,26,SAC,PG,11,0,81,4.5,.413,.129,.032,2.7,6.9,4.8,15.0,3.0,1.2,24.1,21.9,-0.3,0.1,-0.2,-0.131,-8.7,-1.4,-10.1,-0.2,,fultzma01
477,Marcus Garrett,26,CHO,SG,4,0,79,8.8,.487,.296,.148,1.3,6.9,4.0,25.0,1.9,2.5,17.3,18.6,-0.1,0.1,0.0,.003,-5.4,-2.3,-7.7,-0.1,,garrema01
478,Alex Ducas,24,OKC,SG,17,0,76,7.6,.523,.727,.000,7.2,13.8,10.5,3.2,1.3,0.0,12.0,14.0,0.0,0.1,0.1,.068,-3.2,-1.1,-4.3,0.0,,ducasal01
479,Taylor Hendricks,21,UTA,PF,3,3,75,7.2,.354,.667,.222,7.3,14.2,10.8,3.4,3.2,5.0,9.2,12.1,-0.1,0.1,0.0,.000,-4.6,1.4,-3.3,0.0,,hendrta01
480,Chris Duarte,27,CHI,SG,17,0,74,16.5,.610,.577,.308,7.1,21.0,14.1,16.8,0.0,0.0,3.3,17.2,0.2,0.0,0.3,.168,2.1,-1.1,1.0,0.1,,duartch01
481,Chris Livingston,21,MIL,SF,16,1,73,7.8,.395,.333,.444,10.7,22.7,17.0,3.5,3.3,0.0,18.9,15.8,-0.1,0.1,0.0,-0.009,-6.1,-0.1,-6.2,-0.1,,livinch01
482,Pete Nance,24,2TM,PF,8,0,70,5.2,.472,.800,.133,3.1,13.6,8.2,5.7,0.7,0.0,0.0,9.9,0.0,0.0,0.0,.030,-4.4,-2.0,-6.4,-0.1,,nancepe01
482,Pete Nance,24,PHI,C,7,0,68,5.3,.472,.800,.133,3.2,14.1,8.4,5.9,0.7,0.0,0.0,10.2,0.0,0.0,0.0,.030,-4.4,-2.0,-6.3,-0.1,,nancepe01
482,Pete Nance,24,MIL,PF,1,0,2,0.0,,,,0.0,0.0,0.0,0.0,0.0,0.0,,0.0,0.0,0.0,0.0,.008,-5.2,-3.3,-8.5,0.0,,nancepe01
483,Matt Ryan,27,NYK,SF,19,0,68,6.2,.439,.613,.065,0.0,13.2,6.7,5.9,1.5,0.0,8.6,22.2,-0.1,0.1,-0.1,-0.057,-5.1,-2.5,-7.5,-0.1,,ryanma01
484,Armel Traoré,22,LAL,SF,9,0,67,3.5,.317,.368,.368,3.5,21.2,12.6,2.0,2.9,2.8,12.0,16.4,-0.2,0.1,-0.1,-0.088,-9.5,-0.4,-9.9,-0.1,,armeltr01
485,Vlatko Čančar,27,DEN,PF,8,0,67,6.2,.583,.417,.000,10.3,18.8,14.7,3.5,0.7,1.3,33.3,11.4,-0.1,0.0,0.0,-0.006,-5.7,-1.4,-7.1,-0.1,,cancavl01
486,Kylor Kelley,27,DAL,C,8,1,67,17.1,.767,.000,.462,13.1,20.7,17.0,4.1,0.0,2.6,6.0,10.6,0.2,0.0,0.3,.197,-0.5,-1.8,-2.3,0.0,,kelleky01
487,Stanley Umude,25,MIL,SG,20,0,65,2.5,.242,.565,.174,6.9,17.6,12.4,5.7,2.2,4.3,7.5,17.9,-0.3,0.1,-0.2,-0.118,-8.6,-1.1,-9.7,-0.1,,umudest01
488,Yuki Kawamura,23,MEM,PG,20,0,63,9.0,.487,.727,.273,0.0,11.6,5.9,27.4,0.7,0.0,14.0,18.2,0.0,0.0,0.1,.057,-3.8,-0.9,-4.7,0.0,,kawamyu01
489,Sidy Cissoko,20,2TM,SF,20,0,60,9.7,.533,.389,.333,7.1,12.5,9.8,14.2,0.8,0.0,12.7,16.8,0.0,0.0,0.0,.020,-2.5,-1.4,-3.9,0.0,,cissosi01
489,Sidy Cissoko,20,SAS,SF,17,0,54,11.2,.533,.389,.333,6.0,13.8,9.9,15.8,0.9,0.0,8.8,17.9,0.0,0.0,0.0,.041,-1.6,-1.1,-2.7,0.0,,cissosi01
489,Sidy Cissoko,20,POR,SF,3,0,6,-4.5,,,,17.8,0.0,9.1,0.0,0.0,0.0,100.0,7.0,0.0,0.0,0.0,-0.163,-10.1,-4.0,-14.1,0.0,,cissosi01
490,Spencer Jones,23,DEN,SF,15,0,59,5.8,.367,.533,.000,5.9,8.9,7.4,3.9,4.1,3.0,11.8,12.2,-0.1,0.1,0.0,-0.001,-7.4,1.7,-5.7,-0.1,,jonessp01
491,Dariq Whitehead,20,BRK,SF,10,0,59,16.1,.689,.852,.111,1.9,10.2,5.8,3.0,2.5,1.7,17.5,25.5,0.0,0.1,0.0,.018,4.6,-0.4,4.2,0.1,,whiteda01
492,Jazian Gortman,21,DAL,PG,16,0,57,6.5,.485,.478,.174,1.9,7.5,4.7,14.7,1.7,1.5,16.8,22.4,-0.1,0.0,-0.1,-0.054,-5.4,-0.9,-6.3,-0.1,,gortmja01
493,Liam Robbins,25,MIL,C,13,0,57,2.6,.363,.250,1.250,13.7,9.1,11.3,4.2,1.7,3.3,32.6,14.1,-0.1,0.1,-0.1,-0.063,-9.3,-1.3,-10.7,-0.1,,robbili01
494,Keshad Johnson,23,MIA,SF,10,0,57,11.2,.546,.333,.500,3.9,28.7,16.4,7.6,0.9,6.8,17.0,13.8,0.0,0.1,0.1,.050,-4.2,0.8,-3.4,0.0,,johnske10
495,Luke Travers,23,CLE,SG,9,0,55,3.5,.337,.364,.182,10.2,13.4,11.9,10.4,0.9,1.6,29.6,13.0,-0.1,0.1,0.0,-0.043,-6.8,-1.9,-8.7,-0.1,,travelu01
496,Kevin Knox,25,GSW,SF,7,0,51,19.3,.543,.458,.167,12.2,10.7,11.5,12.4,1.0,7.4,3.7,22.0,0.1,0.1,0.2,.161,0.8,-0.1,0.8,0.0,,knoxke01
497,JT Thor,22,2TM,PF,10,0,50,19.2,.720,.444,.444,12.9,10.5,11.7,2.8,1.9,5.4,21.8,23.3,0.1,0.1,0.1,.141,-0.4,-0.1,-0.5,0.0,,thorjt01
497,JT Thor,22,CLE,PF,9,0,42,19.1,.756,.400,.533,8.0,7.5,7.8,3.3,2.3,6.4,24.5,24.8,0.1,0.1,0.1,.135,-1.1,1.2,0.1,0.0,,thorjt01
497,JT Thor,22,WAS,PF,1,0,8,19.7,.500,.667,.000,38.9,26.1,32.5,0.0,0.0,0.0,0.0,15.7,0.0,0.0,0.0,.177,2.9,-6.7,-3.9,0.0,,thorjt01
498,PJ Hall,22,DEN,C,16,0,49,11.3,.507,.333,.267,9.4,27.8,19.0,7.6,0.0,3.6,10.7,16.2,0.0,0.0,0.1,.071,-4.7,-1.5,-6.1,-0.1,,hallpj01
499,Jacob Toppin,24,NYK,SF,16,0,49,4.5,.300,.200,.000,4.7,20.7,12.8,9.7,2.0,0.0,16.7,10.6,-0.1,0.1,0.0,-0.024,-6.3,0.2,-6.1,-0.1,,toppija01
500,Jaylen Martin,21,2TM,SF,7,0,46,10.5,.475,.300,.000,6.8,18.2,12.4,10.0,2.1,0.0,13.0,21.0,-0.1,0.0,0.0,-0.039,-2.6,-1.3,-3.9,0.0,,martija02
500,Jaylen Martin,21,BRK,SF,3,0,5,12.9,.750,.500,.000,0.0,0.0,0.0,0.0,0.0,0.0,0.0,17.5,0.0,0.0,0.0,.115,4.1,-0.8,3.3,0.0,,martija02
500,Jaylen Martin,21,WAS,SF,4,0,41,10.2,.444,.278,.000,7.6,20.4,14.0,11.2,2.3,0.0,14.3,21.4,-0.1,0.0,0.0,-0.058,-3.4,-1.4,-4.8,0.0,,martija02
501,Malachi Flynn,26,CHO,PG,4,0,44,12.4,.512,.308,.462,7.1,10.0,8.5,23.3,3.3,0.0,20.4,18.9,0.0,0.0,0.0,.047,-4.3,1.5,-2.8,0.0,,flynnma01
502,Mason Jones,26,SAC,SG,9,0,43,20.6,.569,.444,.278,5.2,15.6,10.4,34.2,0.0,2.3,4.7,21.1,0.2,0.0,0.2,.193,3.5,-1.0,2.6,0.0,,jonesma05
503,Jackson Rowe,28,GSW,PF,5,0,43,10.2,.477,.600,.267,0.0,20.4,9.9,9.8,3.4,0.0,5.6,17.4,0.0,0.1,0.1,.064,-4.6,0.9,-3.7,0.0,,roweja01
504,Cam Christie,19,LAC,SG,8,0,41,9.4,.409,.667,.133,2.8,16.3,9.6,16.7,3.6,0.0,11.2,18.9,-0.1,0.1,0.0,.015,-4.1,3.0,-1.1,0.0,,chrisca02
505,JD Davison,22,BOS,PG,9,0,39,3.6,.536,.667,.556,0.0,8.4,4.2,9.9,2.6,0.0,34.9,19.3,-0.1,0.0,-0.1,-0.088,-7.4,-0.5,-7.9,-0.1,,davisjd01
506,James Johnson,37,IND,PF,12,0,37,0.0,.350,.273,.091,0.0,18.1,9.1,13.6,0.0,4.9,25.9,18.1,-0.2,0.0,-0.1,-0.168,-9.6,-0.4,-10.0,-0.1,,johnsja01
507,Isaiah Crawford,23,SAC,SF,11,0,37,11.6,.604,.444,.444,3.0,21.2,12.1,0.0,1.3,2.6,8.5,13.6,0.0,0.0,0.1,.073,-2.6,-0.9,-3.4,0.0,,crawfis01
508,PJ Dozier,28,MIN,SG,9,0,35,9.5,.621,1.000,2.000,3.2,12.5,7.9,18.3,1.4,0.0,15.1,8.2,0.0,0.0,0.1,.106,-2.0,2.6,0.6,0.0,,doziepj01
509,Chuma Okeke,26,PHI,PF,3,0,35,12.8,.583,.667,.000,12.5,13.6,13.1,7.8,2.8,0.0,14.3,8.8,0.0,0.0,0.1,.102,0.5,-1.7,-1.2,0.0,,okekech01
510,E.J. Liddell,24,CHI,PF,7,0,33,12.3,.689,.800,.200,3.2,12.5,7.9,12.4,1.4,2.6,15.5,16.3,0.1,0.0,0.1,.118,-1.9,-0.1,-2.1,0.0,,liddeej01
511,D.J. Carton,24,TOR,SG,4,0,33,-2.6,.202,.429,.143,0.0,13.3,6.6,11.0,2.9,0.0,35.0,14.6,-0.2,0.0,-0.1,-0.206,-10.3,-0.8,-11.0,-0.1,,cartodj01
512,Daeqwon Plowden,26,ATL,SG,2,0,33,24.5,1.103,.800,.200,9.6,6.8,8.2,0.0,0.0,0.0,8.4,14.7,0.2,0.0,0.2,.224,7.4,1.2,8.6,0.1,,plowdda01
513,Ulrich Chomche,19,TOR,PF,7,0,32,5.3,.425,.000,.400,13.3,13.7,13.5,7.9,0.0,3.0,25.4,10.3,0.0,0.0,0.0,-0.004,-6.0,-1.4,-7.4,0.0,,chomcul01
514,Tony Bradley,27,IND,C,6,0,31,29.6,.758,.000,.182,25.6,21.6,23.6,15.8,1.6,8.8,20.2,20.8,0.1,0.0,0.1,.230,4.8,2.3,7.1,0.1,,bradlto01
515,Bryce McGowens,22,POR,SG,11,0,28,4.5,.444,.333,.500,3.8,4.0,3.9,5.1,1.7,0.0,17.0,26.3,-0.1,0.0,-0.1,-0.118,-8.2,-3.1,-11.3,-0.1,,mcgowbr01
516,Josh Christopher,23,MIA,SG,8,0,28,-0.8,.342,.143,.571,0.0,11.7,5.9,19.3,0.0,3.4,31.3,20.3,-0.1,0.0,-0.1,-0.211,-11.1,-4.2,-15.3,-0.1,,chrisjo01
517,Jack McVeigh,28,HOU,PF,7,0,28,11.6,.538,.769,.000,3.7,11.6,7.6,5.1,0.0,3.2,7.1,20.5,0.0,0.0,0.0,.082,0.8,-1.8,-1.0,0.0,,mcveija01
518,Matisse Thybulle,27,POR,SG,2,0,28,26.9,.500,.556,.000,3.8,19.8,11.7,15.4,12.2,6.5,0.0,13.4,0.0,0.1,0.2,.263,1.3,14.6,15.8,0.1,,thybuma01
519,Leonard Miller,21,MIN,SF,10,0,27,20.9,.514,.357,.571,12.4,32.3,22.5,0.0,3.6,3.4,10.2,31.3,0.0,0.1,0.1,.135,-4.1,-0.3,-4.4,0.0,,millele01
520,Emoni Bates,21,CLE,SF,7,0,27,-2.7,.214,.786,.000,0.0,0.0,0.0,17.4,1.8,0.0,0.0,22.0,-0.1,0.0,-0.1,-0.175,-9.7,-3.8,-13.5,-0.1,,batesem01
521,Jalen Bridges,23,PHO,SF,5,0,25,-5.5,.410,1.000,.500,0.0,12.8,6.7,0.0,0.0,0.0,45.0,15.7,-0.1,0.0,-0.1,-0.263,-10.7,-5.0,-15.6,-0.1,,bridgja01
522,RayJ Dennis,23,IND,PG,8,0,23,6.3,.322,.700,.200,9.9,19.4,14.7,26.7,6.3,0.0,26.9,28.0,-0.1,0.0,-0.1,-0.158,-9.7,1.9,-7.7,0.0,,dennira01
523,Malevy Leons,25,OKC,SF,6,0,21,-2.3,.266,.500,2.000,5.2,10.0,7.6,5.2,0.0,0.0,21.0,9.6,0.0,0.0,0.0,-0.052,-10.4,-2.0,-12.4,-0.1,,leonsma01
524,Adama Sanogo,22,CHI,C,4,0,21,15.2,.571,.000,.000,25.1,4.9,14.9,6.9,0.0,0.0,12.5,15.9,0.0,0.0,0.0,.102,0.6,-3.5,-2.9,0.0,,sanogad01
525,Justin Minaya,25,POR,SF,8,0,20,3.8,.000,.500,.000,10.7,5.5,8.2,11.9,2.4,0.0,0.0,4.2,0.0,0.0,0.0,.021,-6.8,0.3,-6.6,0.0,,minayju01
526,Taze Moore,26,POR,SG,2,0,20,7.1,.276,.400,.200,21.4,22.1,21.8,6.8,4.9,0.0,15.5,26.9,-0.1,0.0,-0.1,-0.155,-3.8,-0.5,-4.3,0.0,,mooreta02
527,N'Faly Dante,23,HOU,C,1,0,19,25.5,.683,.000,.500,21.8,28.5,25.1,7.9,0.0,9.4,12.0,18.0,0.1,0.0,0.1,.279,1.5,0.5,2.0,0.0,,nfalyda01
528,David Duke Jr.,25,SAS,SG,4,0,18,2.1,.317,.143,.286,0.0,17.8,8.9,21.9,0.0,0.0,11.3,21.0,-0.1,0.0,-0.1,-0.150,-7.5,-3.8,-11.4,0.0,,dukeda01
529,Bobi Klintman,21,DET,SF,6,0,17,-2.1,.000,.500,.000,0.0,25.7,13.0,6.7,0.0,5.7,33.3,7.4,-0.1,0.0,0.0,-0.104,-10.2,-0.2,-10.4,0.0,,klintbo01
530,Lester Quiñones,24,PHI,SG,4,0,17,8.4,.533,.375,.125,19.4,7.0,13.5,10.0,0.0,0.0,32.2,32.0,-0.1,0.0,-0.1,-0.203,-3.6,-6.9,-10.5,0.0,,quinole01
531,Harrison Ingram,22,SAS,SF,3,0,17,7.7,.333,.333,.000,6.3,25.1,15.7,7.2,2.8,0.0,0.0,7.5,0.0,0.0,0.0,.054,-5.2,-0.5,-5.7,0.0,,ingraha01
532,Yuri Collins,23,GSW,PG,2,0,16,13.9,.333,.000,.000,13.0,6.8,10.0,31.7,6.1,0.0,0.0,7.9,0.0,0.0,0.1,.212,-6.2,6.5,0.3,0.0,,colliyu01
533,Trentyn Flowers,19,LAC,SF,2,0,16,7.9,.477,.222,.111,7.1,20.9,14.1,0.0,0.0,0.0,9.6,28.3,0.0,0.0,0.0,-0.047,-5.3,-0.3,-5.6,0.0,,flowetr01
534,Tristen Newton,23,2TM,SG,8,0,16,-6.1,.178,.375,.125,14.0,13.6,13.8,15.5,3.1,0.0,19.2,28.2,-0.1,0.0,-0.1,-0.334,-16.7,-4.1,-20.8,-0.1,,newtotr01
534,Tristen Newton,23,IND,SG,5,0,8,-15.3,.233,.500,.167,0.0,0.0,0.0,16.1,0.0,0.0,13.4,40.3,-0.1,0.0,-0.1,-0.559,-22.0,-11.0,-33.0,-0.1,,newtotr01
534,Tristen Newton,23,MIN,SG,3,0,8,3.1,.000,.000,.000,27.9,27.2,27.6,14.9,6.2,0.0,33.3,16.2,0.0,0.0,0.0,-0.109,-11.4,2.7,-8.7,0.0,,newtotr01
535,Nae'Qwan Tomlin,24,CLE,PF,3,0,14,15.4,.536,.250,.375,8.0,37.7,23.3,0.0,0.0,0.0,9.7,31.3,0.0,0.0,0.0,.047,-7.0,-3.4,-10.4,0.0,,tomlina01
536,Daishen Nix,22,MIN,PG,3,0,13,-7.0,.266,1.000,2.000,0.0,33.5,17.0,27.5,0.0,0.0,68.0,19.6,-0.1,0.0,-0.1,-0.327,-15.0,-1.3,-16.3,0.0,,nixda01
537,Cole Swider,25,DET,SF,2,0,13,-11.0,.000,1.000,.000,0.0,16.8,8.5,8.7,0.0,0.0,0.0,16.2,-0.1,0.0,-0.1,-0.312,-14.7,-5.8,-20.4,-0.1,,swideco01
538,Skal Labissière,28,SAC,PF,4,0,12,15.8,.625,.250,.000,9.3,18.7,13.9,11.5,0.0,0.0,0.0,14.3,0.0,0.0,0.0,.166,3.3,-1.4,1.9,0.0,,labissk01
539,Cui Yongxi,21,BRK,SG,5,0,10,-10.7,.190,.429,.286,0.0,24.0,11.5,0.0,0.0,0.0,0.0,34.5,-0.1,0.0,-0.1,-0.468,-16.8,-8.3,-25.0,-0.1,,cuiyo01
540,Daniss Jenkins,23,DET,PG,5,0,10,-22.3,.000,1.000,.000,0.0,0.0,0.0,0.0,0.0,0.0,20.0,21.1,-0.1,0.0,-0.1,-0.518,-25.2,-9.3,-34.5,-0.1,,jenkida01
541,Keion Brooks Jr.,24,NOP,SF,2,0,10,15.2,.532,.500,2.000,10.4,22.3,16.1,13.4,0.0,0.0,0.0,15.8,0.0,0.0,0.0,.124,0.7,-1.7,-1.1,0.0,,brookke02
542,Quincy Olivari,23,LAL,PG,2,0,10,-5.2,.300,1.000,.000,0.0,0.0,0.0,13.3,0.0,0.0,16.7,26.3,-0.1,0.0,-0.1,-0.297,-10.1,-8.5,-18.7,0.0,,olivaqu01
543,Jalen McDaniels,27,WAS,SF,4,0,7,10.9,,,,0.0,0.0,0.0,17.4,6.8,0.0,,0.0,0.0,0.0,0.0,.115,-0.6,5.9,5.4,0.0,,mcdanja01
544,Anton Watson,24,NYK,SF,2,0,7,-4.2,.250,.000,.000,0.0,0.0,0.0,37.7,0.0,0.0,20.0,31.0,-0.1,0.0,-0.1,-0.356,-11.8,-6.5,-18.4,0.0,,watsoan02
545,Riley Minix,24,SAS,SF,1,0,7,-1.7,.000,1.000,.000,0.0,30.5,15.3,0.0,0.0,0.0,0.0,6.1,0.0,0.0,0.0,-0.115,-8.5,-3.5,-12.0,0.0,,minixri01
546,Jesse Edwards,24,MIN,C,2,0,5,-0.1,,,,0.0,0.0,0.0,23.8,0.0,0.0,,0.0,0.0,0.0,0.0,.109,-8.6,4.7,-3.9,0.0,,edwarje01
547,Jamaree Bouyea,25,MIL,PG,1,0,5,20.2,1.000,.000,.000,0.0,0.0,0.0,30.0,9.6,0.0,50.0,17.4,0.0,0.0,0.0,.118,0.1,9.8,10.0,0.0,,bouyeja01
548,Mac McClung,26,ORL,SG,1,0,5,14.6,,,,0.0,24.5,11.5,51.0,0.0,0.0,,0.0,0.0,0.0,0.0,.209,1.8,4.0,5.8,0.0,,mccluma01
549,James Wiseman,23,IND,C,1,0,5,31.4,.615,.250,.500,0.0,22.3,11.3,0.0,0.0,0.0,0.0,42.2,0.0,0.0,0.0,.235,6.0,-4.7,1.4,0.0,,wisemja01
550,Miles Norris,24,BOS,PF,1,0,4,6.3,,,,0.0,54.5,27.2,0.0,0.0,0.0,,0.0,0.0,0.0,0.0,.098,-5.0,-0.7,-5.7,0.0,,norrimi01
551,Alondes Williams,25,DET,SG,1,0,4,53.6,1.250,.500,.000,0.0,0.0,0.0,65.3,0.0,0.0,0.0,21.1,0.0,0.0,0.0,.568,37.8,6.2,44.0,0.0,,willial06
552,Zyon Pullin,23,MEM,SG,3,0,3,-11.6,.000,.000,.000,0.0,0.0,0.0,0.0,0.0,0.0,0.0,13.3,0.0,0.0,0.0,-0.297,-14.9,-7.8,-22.7,0.0,,pullizy01
553,Jahlil Okafor,29,IND,C,1,0,3,13.8,,,,0.0,37.2,18.8,37.0,0.0,0.0,,0.0,0.0,0.0,0.0,.192,2.6,4.9,7.5,0.0,,okafoja01
554,Emanuel Miller,24,CHI,PF,1,0,2,0.0,,,,0.0,0.0,0.0,0.0,0.0,0.0,,0.0,0.0,0.0,0.0,-0.007,-7.4,-3.8,-11.2,0.0,,milleem01
555,Jahmir Young,24,CHI,PG,1,0,2,20.1,,,,0.0,51.7,26.1,56.5,0.0,0.0,,0.0,0.0,0.0,0.0,.281,-2.2,3.1,1.0,0.0,,youngja05
,League Average,,,,,,,,.575,.421,.244,5.0,15.0,10.0,16.3,1.7,1.9,12.1,19.9,,,,,,,,,,-9999
