Rk,Player,Age,Team,Pos,G,GS,MP,PG%,SG%,SF%,PF%,C%,OnCourt,On-Off,BadPass,LostBall,Shoot,Off.,Shoot,Off.,PGA,And1,Blkd,Awards,-9999
1,Mikal Bridges,28,NYK,SF,67,67,2531,0,2,82,17,0,5.4,3.5,60,36,43,5,41,10,566,11,21,,bridgmi01
2,Anthony Edwards,23,MIN,SG,67,67,2442,1,63,34,2,0,4.2,-0.3,103,87,55,10,201,2,766,52,50,,edwaran01
3,Josh Hart,29,NYK,SG,64,64,2417,0,66,32,3,0,4.4,-1.0,82,30,88,4,87,11,887,23,51,,hartjo01
4,Devin Booker,28,PHO,SG,63,63,2357,0,45,50,5,0,-1.6,-1.5,99,49,70,14,170,23,1118,32,53,,bookede01
5,James Harden,35,LAC,PG,66,66,2316,49,51,0,0,0,4.1,3.8,167,88,55,27,199,9,1316,34,58,,hardeja01
6,Trae Young,26,ATL,PG,64,64,2311,100,0,0,0,0,0.4,8.3,232,54,61,8,154,25,1688,29,55,,youngtr01
7,Jalen Green,22,HOU,SG,69,69,2307,28,71,2,0,0,2.0,-7.3,83,72,50,9,121,3,567,22,92,,greenja05
8,Jayson Tatum,26,BOS,PF,63,63,2307,0,9,44,47,0,8.7,1.3,91,61,50,24,158,6,963,32,50,,tatumja01
9,Tyler Herro,25,MIA,SG,65,65,2306,38,59,3,0,0,-1.8,-0.4,86,63,36,6,111,3,905,29,67,,herroty01
10,Bam Adebayo,27,MIA,C,66,66,2272,0,0,0,16,84,-2.1,-1.3,64,42,72,20,127,4,712,26,39,,adebaba01
11,Jaden McDaniels,24,MIN,PF,70,70,2271,0,0,76,23,1,3.6,-2.1,33,25,91,7,53,21,357,16,34,,mcdanja02
12,Shai Gilgeous-Alexander,26,OKC,PG,66,66,2268,100,0,0,0,0,16.8,13.3,83,55,90,11,246,8,1041,57,58,,gilgesh01
13,Nikola Jokić,29,DEN,C,62,62,2263,0,0,0,0,100,9.8,17.2,123,55,67,15,148,4,1494,47,55,,jokicni01
14,Cade Cunningham,23,DET,PG,64,64,2247,88,12,0,0,0,3.9,4.4,164,97,80,13,151,5,1402,35,88,,cunnica01
15,Christian Braun,23,DEN,SG,67,65,2243,3,68,29,0,0,8.4,11.9,33,15,76,10,97,2,381,22,56,,braunch01
16,De'Aaron Fox,27,2TM,PG,62,62,2241,80,20,0,0,0,-1.3,-1.7,82,73,63,8,153,26,945,27,56,,foxde01
16,De'Aaron Fox,27,SAC,PG,45,45,1663,93,7,0,0,0,0.9,-0.2,61,59,42,6,118,24,663,20,45,,foxde01
16,De'Aaron Fox,27,SAS,PG,17,17,578,43,57,0,0,0,-7.7,-6.0,21,14,21,2,35,2,282,7,11,,foxde01
17,OG Anunoby,27,NYK,PF,61,61,2237,0,0,4,95,0,5.6,3.2,30,29,80,9,85,11,319,18,67,,anunoog01
18,Michael Porter Jr.,26,DEN,SF,66,66,2231,0,0,40,59,1,5.9,4.4,36,32,81,6,77,0,330,18,42,,portemi01
19,DeMar DeRozan,35,SAC,SF,62,62,2221,0,5,85,9,0,1.7,2.3,44,33,71,8,172,12,647,45,46,,derozde01
20,Jamal Murray,27,DEN,PG,61,61,2220,56,44,0,0,0,6.3,5.3,89,28,76,4,80,13,883,16,39,,murraja01
21,Keegan Murray,24,SAC,PF,64,64,2216,0,0,11,89,1,1.8,2.4,18,22,91,2,38,14,223,12,25,,murrake02
22,Derrick White,30,BOS,SG,65,65,2199,14,77,9,0,0,8.5,0.6,68,28,79,3,57,17,695,10,23,,whitede01
23,Ivica Zubac,27,LAC,C,67,67,2187,0,0,0,0,100,7.4,12.9,34,43,92,18,102,3,411,33,51,,zubaciv01
24,Pascal Siakam,30,IND,PF,66,66,2172,0,0,20,78,2,5.4,12.7,31,37,69,16,133,6,526,35,40,,siakapa01
25,Dyson Daniels,21,ATL,SG,64,64,2166,0,53,43,4,0,-1.6,1.5,72,35,78,7,63,12,649,13,40,,daniedy01
26,Toumani Camara,24,POR,PF,66,66,2164,0,0,0,84,16,-3.0,2.5,39,29,94,17,47,76,359,8,24,,camarto01
27,Jalen Brunson,28,NYK,PG,61,61,2162,100,0,0,0,0,2.4,-6.4,91,53,59,6,168,49,1046,45,49,,brunsja01
28,Brook Lopez,36,MIL,C,67,67,2126,0,0,0,0,100,2.4,1.9,20,15,81,27,60,3,283,20,15,,lopezbr01
29,Anfernee Simons,25,POR,SG,65,65,2123,52,43,5,0,0,-4.7,-2.1,80,40,65,5,74,9,760,16,60,,simonan01
30,Tyrese Haliburton,24,IND,PG,62,62,2107,76,24,1,0,0,2.4,3.5,68,21,42,3,69,9,1344,17,20,,halibty01
31,Dillon Brooks,29,HOU,SF,65,65,2098,1,36,59,4,0,4.4,0.1,31,15,95,13,46,18,275,12,34,,brookdi01
32,Karl-Anthony Towns,29,NYK,C,60,60,2097,0,0,0,0,100,6.2,4.7,64,30,113,43,176,4,419,52,72,,townska01
33,Damian Lillard,34,MIL,PG,58,58,2093,100,0,0,0,0,0.4,-3.7,113,41,54,1,151,8,982,26,43,,lillada01
34,Zach LaVine,29,2TM,SF,60,60,2089,1,27,61,10,0,0.6,4.2,84,64,55,3,118,2,613,27,39,,lavinza01
34,Zach LaVine,29,CHI,SF,42,42,1432,0,5,79,15,0,1.0,6.9,57,45,43,2,86,1,450,19,28,,lavinza01
34,Zach LaVine,29,SAC,SG,18,18,657,4,76,20,0,0,-0.3,-1.7,27,19,12,1,32,1,163,8,11,,lavinza01
35,Tobias Harris,32,DET,PF,65,65,2087,0,0,0,98,2,5.5,8.1,26,24,78,14,79,4,345,20,41,,harrito02
36,Kelly Oubre Jr.,29,PHI,SF,60,57,2078,0,8,52,40,0,-5.6,-1.4,28,37,84,9,96,22,267,30,66,,oubreke01
37,Austin Reaves,26,LAL,SG,60,60,2076,42,45,12,1,0,4.5,6.4,92,39,65,5,124,31,838,34,41,,reaveau01
38,Kevin Durant,36,PHO,PF,56,56,2066,0,0,9,69,22,-0.2,2.4,93,50,50,17,138,8,561,34,28,,duranke01
39,Alperen Şengün,22,HOU,C,65,65,2035,0,0,0,3,97,7.0,6.8,66,60,93,28,158,14,787,36,72,,sengual01
40,LeBron James,40,LAL,SF,58,58,2023,0,4,64,31,1,0.1,-5.8,151,46,33,13,126,9,1153,29,47,,jamesle01
41,Coby White,24,CHI,SG,61,60,2019,29,57,14,0,0,-4.9,-5.3,63,46,56,11,94,13,683,27,56,,whiteco01
42,Domantas Sabonis,28,SAC,C,58,58,2016,0,0,0,1,99,3.9,7.7,66,55,90,36,110,4,856,26,50,,sabondo01
43,Jalen Williams,23,OKC,SG,61,61,1987,0,8,57,34,1,10.1,-6.9,61,57,72,9,131,16,791,29,53,,willija06
44,Jaylen Brown,28,BOS,SF,56,56,1974,0,28,69,4,0,8.3,0.0,54,65,62,22,147,11,672,39,65,,brownja02
45,Kentavious Caldwell-Pope,31,ORL,SG,65,65,1964,3,78,18,0,0,-1.1,2.0,35,11,61,6,22,31,279,9,10,,caldwke01
46,Rudy Gobert,32,MIN,C,60,60,1964,0,0,0,0,100,5.1,1.7,25,30,63,19,100,15,277,18,46,,goberru01
47,Tyrese Maxey,24,PHI,PG,52,52,1960,83,17,0,0,0,-3.8,3.3,56,41,56,7,122,8,791,38,61,,maxeyty01
48,Bub Carrington,19,WAS,PG,67,43,1959,94,6,0,0,0,-15.8,-10.7,57,31,93,8,25,12,677,8,18,,carrica01
49,Amen Thompson,22,HOU,SF,60,33,1952,0,16,55,29,0,4.6,0.6,51,43,53,15,115,7,542,22,41,,thompam01
50,Jarrett Allen,26,CLE,C,68,68,1951,0,0,0,0,100,11.7,2.1,36,18,68,14,107,10,315,27,36,,allenja01
51,Darius Garland,25,CLE,PG,64,64,1949,100,0,0,0,0,11.0,0.5,96,40,53,7,95,24,1015,23,40,,garlada01
52,Bilal Coulibaly,20,WAS,SF,59,59,1948,0,12,76,12,0,-13.6,-5.2,68,39,53,7,97,4,506,26,46,,coulibi01
53,Donovan Mitchell,28,CLE,SG,62,62,1943,45,55,0,0,0,12.2,3.4,64,50,58,7,119,10,759,23,44,,mitchdo01
54,Naz Reid,25,MIN,C,69,17,1926,0,0,0,41,59,6.9,6.0,41,31,121,11,62,5,384,18,36,,reidna01
55,Payton Pritchard,27,BOS,PG,68,0,1914,100,1,0,0,0,8.6,0.7,26,18,37,6,20,6,562,6,31,,pritcpa01
56,Tyus Jones,28,PHO,PG,68,57,1908,98,2,0,0,0,-2.3,-2.7,62,10,27,3,16,12,969,3,24,,jonesty01
57,Nikola Vučević,34,CHI,C,60,59,1906,0,0,0,0,100,-4.0,-2.6,49,26,93,12,61,3,517,20,32,,vucevni01
58,Stephen Curry,36,GSW,PG,59,59,1904,100,0,0,0,0,4.3,3.6,122,27,44,9,89,7,838,26,41,,curryst01
59,Giannis Antetokounmpo,30,MIL,PF,56,56,1904,0,0,0,70,30,5.6,9.2,64,54,60,29,285,3,882,74,70,,antetgi01
60,Malik Beasley,28,DET,SG,69,14,1891,17,74,9,0,0,3.1,1.4,40,25,51,6,43,7,284,12,25,,beaslma01
61,Chris Paul,39,SAS,PG,67,67,1885,100,0,0,0,0,-0.9,4.6,78,16,57,3,12,2,1269,1,8,,paulch01
62,Shaedon Sharpe,21,POR,SG,61,41,1858,0,74,24,1,0,-5.9,-4.3,57,50,40,8,94,4,395,28,43,,sharpsh01
63,Trey Murphy III,24,NOP,SF,53,51,1854,0,8,48,44,0,-10.2,-2.6,46,43,56,6,104,10,449,26,29,,murphtr02
64,Julius Randle,30,MIN,PF,57,57,1843,0,0,0,94,6,3.9,-0.9,64,53,63,32,139,2,676,26,55,,randlju01
65,Bennedict Mathurin,22,IND,SF,61,46,1842,0,12,86,2,0,1.4,0.5,45,45,77,17,123,8,278,23,53,,mathube01
66,Harrison Barnes,32,SAS,PF,67,67,1828,0,0,27,71,2,-2.8,0.0,24,9,36,4,82,3,277,12,24,,barneha02
67,Tim Hardaway Jr.,32,DET,SG,65,65,1828,0,42,56,2,0,0.7,-3.8,23,12,42,4,43,40,247,13,17,,hardati02
68,Deni Avdija,24,POR,SF,63,45,1828,0,25,54,20,1,-3.3,1.4,93,46,91,12,156,8,552,42,52,,avdijde01
69,Malik Monk,26,SAC,SG,56,43,1828,52,48,1,0,0,2.5,3.4,86,36,99,9,70,18,763,20,50,,monkma01
70,Jaren Jackson Jr.,25,MEM,C,62,62,1825,0,0,0,45,55,8.6,6.1,37,52,113,25,168,10,335,45,73,,jacksja02
71,Scottie Barnes,23,TOR,PF,54,54,1822,0,0,24,74,2,-3.8,3.0,88,43,44,16,116,9,738,23,34,,barnesc01
72,Evan Mobley,23,CLE,PF,60,60,1816,0,0,0,49,51,13.4,5.7,36,44,84,13,135,6,477,38,44,,mobleev01
73,Myles Turner,28,IND,C,59,59,1808,0,0,0,0,100,3.3,4.7,35,29,87,25,94,1,217,22,35,,turnemy01
74,Luguentz Dort,25,OKC,SF,62,62,1807,0,0,18,69,14,13.1,0.7,18,12,78,9,24,51,237,8,20,,dortlu01
75,Kyrie Irving,32,DAL,SG,50,50,1804,29,66,5,0,0,2.2,5.7,65,32,48,9,92,5,541,25,40,,irvinky01
76,Desmond Bane,26,MEM,SG,57,56,1803,4,65,28,3,0,5.0,-1.9,69,42,62,18,65,4,757,19,64,,banede01
77,Taurean Prince,30,MIL,SF,67,60,1797,0,13,72,14,0,-0.4,-4.8,39,19,70,4,12,17,312,4,21,,princta02
78,Jaylen Wells,21,MEM,SG,69,64,1796,0,23,69,8,0,3.8,-4.5,23,28,53,3,50,34,275,15,30,,wellsja01
79,Josh Giddey,22,CHI,PG,60,60,1781,66,33,1,0,0,-2.5,0.8,108,39,63,4,76,4,985,15,54,,giddejo01
80,Max Christie,21,2TM,SG,65,35,1768,2,63,35,0,0,-1.0,-3.2,32,29,61,4,57,5,312,14,37,,chrisma02
80,Max Christie,21,LAL,SG,46,25,1154,3,71,26,0,0,0.6,-2.5,17,17,44,3,45,4,166,13,18,,chrisma02
80,Max Christie,21,DAL,SG,19,10,614,0,46,53,0,0,-4.1,-4.5,15,12,17,1,12,1,146,1,19,,chrisma02
81,Josh Green,24,CHO,SG,62,61,1764,1,50,45,4,0,-9.6,-2.8,33,10,61,13,28,20,242,4,23,,greenjo02
82,Nickeil Alexander-Walker,26,MIN,SG,70,10,1763,26,60,14,0,0,6.2,3.9,62,16,68,3,32,34,422,9,20,,alexani01
83,Fred VanVleet,30,HOU,PG,50,50,1757,92,9,0,0,0,5.9,3.3,46,17,53,10,37,10,668,7,18,,vanvlfr01
84,Russell Westbrook,36,DEN,PG,62,33,1748,100,0,0,0,0,0.9,-7.6,136,41,63,10,80,8,853,16,42,,westbru01
85,Jalen Wilson,24,BRK,PF,68,16,1746,0,2,29,55,14,-6.8,-0.5,30,24,80,11,50,3,322,8,34,,wilsoja03
86,Spencer Dinwiddie,31,DAL,PG,67,20,1739,82,18,1,0,0,-3.3,-6.1,52,11,52,12,96,17,622,25,18,,dinwisp01
87,Jordan Poole,25,WAS,SG,57,57,1739,35,62,3,0,0,-13.8,-5.1,92,55,73,13,91,19,618,15,62,,poolejo01
88,CJ McCollum,33,NOP,PG,53,53,1735,81,19,0,0,0,-7.9,2.4,60,28,58,4,70,3,506,14,38,,mccolcj01
89,Dennis Schröder,31,3TM,PG,63,41,1733,84,16,0,0,0,-1.8,-0.4,76,33,59,10,55,29,837,11,49,,schrode01
89,Dennis Schröder,31,BRK,PG,23,23,772,100,0,0,0,0,-1.0,7.3,38,12,23,4,26,14,381,7,24,,schrode01
89,Dennis Schröder,31,GSW,SG,24,18,628,57,43,0,0,0,-8.8,-14.4,29,13,22,6,13,7,267,1,22,,schrode01
89,Dennis Schröder,31,DET,PG,16,0,333,100,0,0,0,0,9.7,8.1,9,8,14,0,16,8,189,3,3,,schrode01
90,Yves Missi,20,NOP,C,64,58,1721,0,0,0,10,90,-11.7,-5.5,36,21,86,8,89,2,197,18,61,,missiyv01
91,Miles Bridges,26,CHO,PF,53,53,1714,0,0,7,82,11,-6.1,4.8,58,40,45,7,108,5,491,30,65,,bridgmi02
92,RJ Barrett,24,TOR,SF,52,52,1713,0,11,62,26,0,-4.5,1.3,95,43,80,6,147,13,691,30,74,,barrerj01
93,Jalen Duren,21,DET,C,66,66,1709,0,0,0,0,100,1.8,-1.4,59,28,123,26,95,2,389,23,45,,durenja01
94,Stephon Castle,20,SAS,PG,66,32,1700,29,69,3,0,0,-3.1,-0.8,69,37,63,9,125,10,561,28,47,,castlst01
95,Amir Coffey,27,LAC,SG,67,13,1698,0,16,63,21,1,-1.1,-8.3,18,14,61,5,56,9,182,10,27,,coffeam01
96,Keyonte George,21,UTA,PG,54,32,1693,99,1,0,0,0,-10.6,-6.1,84,44,35,6,105,16,761,27,52,,georgke01
97,Klay Thompson,34,DAL,SF,61,61,1691,0,14,75,11,0,-0.3,0.2,48,16,41,6,26,2,306,7,19,,thompkl01
98,Cameron Johnson,28,BRK,PF,53,53,1689,0,7,34,49,10,-5.8,1.6,48,31,44,5,74,8,415,15,35,,johnsca02
99,Andrew Wiggins,29,2TM,SF,54,54,1665,0,9,65,26,0,-4.2,-8.7,28,42,48,7,111,7,337,27,61,,wiggian01
99,Andrew Wiggins,29,GSW,SF,43,43,1296,0,3,66,31,0,-1.8,-7.6,16,30,38,5,86,5,259,20,49,,wiggian01
99,Andrew Wiggins,29,MIA,SF,11,11,369,1,28,63,8,0,-12.6,-12.3,12,12,10,2,25,2,78,7,12,,wiggian01
100,Onyeka Okongwu,24,ATL,C,62,28,1658,0,0,0,0,100,0.3,4.8,26,18,96,13,84,0,325,21,44,,okongon01
101,Kyshawn George,21,WAS,SG,61,31,1657,1,67,32,1,0,-8.9,5.3,39,31,109,9,34,6,360,6,30,,georgky01
102,Franz Wagner,23,ORL,SF,49,49,1653,0,1,64,34,0,4.4,12.7,50,47,58,7,119,18,545,16,66,,wagnefr01
103,Guerschon Yabusele,29,PHI,C,62,35,1651,0,0,0,26,74,-2.5,5.2,22,29,67,17,50,12,296,11,25,,yabusgu01
104,Scoot Henderson,20,POR,PG,61,9,1642,100,0,0,0,0,-0.6,6.6,93,50,69,11,84,8,731,14,41,,hendesc01
105,Nic Claxton,25,BRK,C,60,52,1635,0,0,0,1,99,-11.8,-10.3,22,16,46,22,58,6,330,10,27,,claxtni01
106,Quentin Grimes,24,2TM,SG,64,26,1635,4,57,39,1,0,-3.4,-1.5,48,37,51,6,58,15,405,20,20,,grimequ01
106,Quentin Grimes,24,DAL,SG,47,12,1070,0,50,48,2,0,0.1,0.8,30,16,28,6,33,9,244,11,9,,grimequ01
106,Quentin Grimes,24,PHI,SG,17,14,565,9,70,20,1,0,-10.0,-5.9,18,21,23,0,25,6,161,9,11,,grimequ01
107,Jrue Holiday,34,BOS,PG,53,53,1625,64,36,0,0,0,6.2,-4.2,47,16,46,2,25,10,497,6,18,,holidjr01
108,Cason Wallace,21,OKC,SG,59,39,1621,10,60,28,2,0,10.9,-3.7,27,15,73,3,14,6,362,6,28,,wallaca01
109,Rui Hachimura,26,LAL,PF,50,50,1605,0,0,1,81,19,4.7,5.0,19,17,42,3,52,4,195,10,36,,hachiru01
110,Keon Johnson,22,BRK,SG,67,44,1603,30,69,2,0,0,-9.6,-5.9,44,31,87,6,53,10,338,11,65,,johnske07
111,Corey Kispert,25,WAS,SF,61,0,1602,0,0,30,69,1,-9.2,4.7,30,18,50,6,39,6,252,6,34,,kispeco01
112,Devin Vassell,24,SAS,SG,52,41,1602,0,49,49,2,0,-7.5,-9.3,34,25,49,2,55,2,367,20,28,,vassede01
113,Davion Mitchell,26,2TM,PG,61,36,1602,94,6,0,0,0,-2.9,1.8,69,25,54,7,25,46,668,10,19,,mitchda01
113,Davion Mitchell,26,TOR,PG,44,22,1080,95,5,0,0,0,-2.5,3.8,52,16,42,5,15,34,483,8,14,,mitchda01
113,Davion Mitchell,26,MIA,PG,17,14,522,91,9,0,0,0,-3.6,-2.3,17,9,12,2,10,12,185,2,5,,mitchda01
114,Draymond Green,34,GSW,PF,55,53,1601,0,0,8,70,22,7.3,8.6,110,11,91,15,49,19,763,15,16,,greendr01
115,Duncan Robinson,30,MIA,SF,65,33,1594,1,32,56,11,0,0.4,4.0,46,17,75,6,16,10,378,1,23,,robindu01
116,Buddy Hield,32,GSW,SG,69,22,1593,23,51,26,0,0,0.2,-5.1,42,23,52,8,18,1,288,7,28,,hieldbu01
117,Royce O'Neale,31,PHO,SF,63,19,1592,0,5,59,37,1,-0.4,1.3,35,14,77,4,11,3,347,2,17,,onealro01
118,Gradey Dick,21,TOR,SG,54,54,1587,1,42,51,6,0,-6.6,-2.8,38,32,58,7,63,16,236,5,36,,dickgr01
119,Derrick Jones Jr.,27,LAC,SF,64,52,1585,0,1,27,69,2,5.2,4.4,23,22,73,7,53,14,117,16,24,,jonesde02
120,Walker Kessler,23,UTA,C,52,52,1583,0,0,0,0,100,-6.2,2.6,23,29,71,20,74,2,208,27,38,,kesslwa01
121,Terry Rozier,30,MIA,PG,59,23,1571,100,0,0,0,0,-4.4,-5.3,43,17,31,10,47,14,385,9,34,,roziete01
122,Norman Powell,31,LAC,SG,48,48,1561,11,53,36,1,0,6.1,6.1,38,36,48,8,94,6,237,15,37,,powelno01
123,Julian Champagnie,23,SAS,SF,67,26,1556,0,11,46,42,1,0.0,5.5,29,15,56,7,29,0,206,7,26,,champju02
124,Jakob Poeltl,29,TOR,C,52,51,1551,0,0,0,0,100,-1.0,7.8,46,26,88,20,66,6,331,20,34,,poeltja01
125,P.J. Washington,26,DAL,PF,48,47,1546,0,0,10,81,9,3.3,7.0,29,46,60,11,76,10,277,18,43,,washipj01
126,Bradley Beal,31,PHO,SG,48,33,1545,19,66,15,0,0,-7.4,-11.7,52,30,80,3,52,9,425,8,18,,bealbr01
127,Anthony Black,21,ORL,PG,65,9,1543,56,41,3,0,0,-3.6,-3.1,61,33,74,10,80,19,481,19,42,,blackan01
128,Isaiah Collier,20,UTA,PG,61,36,1532,66,34,0,0,0,-8.6,-2.0,106,43,62,16,50,7,937,14,47,,colliis01
129,Victor Wembanyama,21,SAS,C,46,46,1527,0,0,0,0,100,2.9,10.8,69,59,56,10,86,11,387,23,27,,wembavi01
130,Jerami Grant,30,POR,PF,47,47,1524,0,0,62,35,4,-6.3,-4.3,31,22,46,6,72,8,245,13,42,,grantje01
131,Zaccharie Risacher,19,ATL,SF,62,60,1520,0,5,78,17,0,-4.0,-3.4,27,33,73,5,58,7,192,11,44,,risacza01
132,Keldon Johnson,25,SAS,SF,64,0,1519,0,18,69,13,0,-6.5,-7.0,26,21,53,4,86,4,240,28,31,,johnske04
133,Kyle Kuzma,29,2TM,PF,51,48,1517,0,0,19,80,1,-12.1,-8.3,45,48,53,13,75,15,291,14,35,,kuzmaky01
133,Kyle Kuzma,29,WAS,PF,32,30,887,0,0,2,97,1,-21.0,-13.0,27,31,25,9,42,9,197,7,22,,kuzmaky01
133,Kyle Kuzma,29,MIL,PF,19,18,630,0,0,42,57,1,0.4,-1.6,18,17,28,4,33,6,94,7,13,,kuzmaky01
134,Gary Trent Jr.,26,MIL,SG,61,7,1516,3,53,44,1,0,0.0,-3.3,10,16,39,7,27,10,169,7,11,,trentga02
135,Aaron Wiggins,26,OKC,SG,67,21,1506,2,34,51,13,0,13.5,1.3,30,20,57,1,33,2,275,6,34,,wiggiaa01
136,Keon Ellis,25,SAC,SG,65,14,1498,18,70,12,0,0,4.4,6.2,31,12,66,4,29,9,213,8,13,,elliske01
137,Collin Sexton,26,UTA,SG,53,51,1491,21,76,3,0,0,-4.0,6.3,61,57,56,7,95,7,546,24,61,,sextoco01
138,Naji Marshall,27,DAL,SF,56,22,1487,0,2,41,54,3,-2.1,-3.0,48,26,40,7,60,2,392,14,32,,marshna01
139,Ochai Agbaji,24,TOR,SG,55,39,1482,10,65,24,1,0,-6.4,-2.3,15,14,59,5,20,1,206,5,29,,agbajoc01
140,Tristan Da Silva,23,ORL,SF,65,36,1481,0,12,55,29,5,-2.6,-1.2,25,15,47,7,28,3,236,6,19,,dasiltr01
141,Lauri Markkanen,27,UTA,PF,47,47,1476,0,0,9,82,9,-6.5,1.8,20,29,39,12,68,8,179,13,39,,markkla01
142,Anthony Davis,31,2TM,PF,43,43,1471,0,0,0,5,95,1.6,-1.2,38,42,48,9,143,5,356,38,34,,davisan02
142,Anthony Davis,31,LAL,C,42,42,1440,0,0,0,5,95,1.4,-1.6,38,41,48,9,140,5,339,38,34,,davisan02
142,Anthony Davis,31,DAL,PF,1,1,31,0,0,0,30,70,15.0,15.6,0,1,0,0,3,0,17,0,0,,davisan02
143,Andrew Nembhard,25,IND,SG,51,51,1468,12,87,1,0,0,5.1,7.1,44,32,52,10,45,13,607,8,27,,nembhan01
144,Mike Conley,37,MIN,PG,59,53,1467,100,0,0,0,0,4.9,1.0,44,13,49,1,26,23,636,2,16,,conlemi01
145,Georges Niang,31,2TM,PF,67,2,1464,0,0,5,91,4,5.6,-2.4,28,17,79,6,15,6,234,6,18,,niangge01
145,Georges Niang,31,CLE,PF,51,1,1053,0,0,6,93,1,8.2,-3.9,20,14,58,6,7,5,165,3,16,,niangge01
145,Georges Niang,31,ATL,PF,16,1,411,0,0,0,86,14,-0.9,1.4,8,3,21,0,8,1,69,3,2,,niangge01
146,Kris Dunn,30,LAC,PG,61,45,1460,99,1,0,0,0,5.1,3.9,36,15,85,6,7,6,450,2,11,,dunnkr01
147,Al Horford,38,BOS,C,53,37,1459,0,0,0,60,40,11.3,5.3,27,4,50,5,13,0,296,2,6,,horfoal01
148,Wendell Carter Jr.,25,ORL,C,56,39,1452,0,0,0,18,82,-1.3,1.2,21,23,85,20,71,9,280,14,26,,cartewe01
149,Jabari Smith Jr.,21,HOU,PF,47,39,1451,0,0,2,85,13,5.5,2.2,23,20,57,6,47,2,123,9,24,,smithja05
150,Haywood Highsmith,28,MIA,SF,60,40,1443,0,1,53,46,0,-0.1,2.8,16,13,59,4,14,7,202,4,13,,highsha01
151,De'Andre Hunter,27,2TM,SF,52,8,1435,0,0,44,56,0,2.0,0.8,24,29,58,6,86,14,178,16,35,,huntede01
151,De'Andre Hunter,27,ATL,SF,37,4,1064,0,0,51,49,0,-2.6,-0.7,22,26,40,3,63,11,137,15,28,,huntede01
151,De'Andre Hunter,27,CLE,SF,15,4,371,0,0,25,74,1,15.2,4.9,2,3,18,3,23,3,41,1,7,,huntede01
152,Dorian Finney-Smith,31,2TM,PF,50,34,1419,0,4,38,56,2,8.5,12.8,24,7,56,3,13,2,168,3,22,,finnedo01
152,Dorian Finney-Smith,31,BRK,PF,20,20,579,0,9,57,33,1,3.0,11.5,11,3,28,2,7,2,75,2,9,,finnedo01
152,Dorian Finney-Smith,31,LAL,PF,30,14,840,0,1,25,71,3,12.4,13.7,13,4,28,1,6,0,93,1,13,,finnedo01
153,LaMelo Ball,23,CHO,PG,44,44,1414,87,12,0,0,0,-5.1,5.8,82,35,45,18,90,9,768,17,41,,ballla01
154,Miles McBride,24,NYK,PG,57,6,1404,17,83,0,0,0,8.7,7.1,19,11,40,2,24,13,397,4,26,,mcbrimi01
155,Alex Sarr,19,WAS,C,52,52,1401,0,0,0,4,96,-13.7,-3.8,30,29,77,11,57,1,293,8,30,,sarral01
156,Ayo Dosunmu,25,CHI,SG,46,26,1394,10,56,30,4,0,-7.1,-7.4,41,17,52,2,34,3,509,10,34,,dosunay01
157,A.J. Green,25,MIL,SG,61,6,1368,19,81,1,0,0,2.6,1.4,15,8,81,6,6,16,228,2,3,,greenaj01
158,Scotty Pippen Jr.,24,MEM,PG,67,17,1367,81,19,0,0,0,4.1,-2.9,66,23,69,11,67,28,697,21,34,,pippesc02
159,D'Angelo Russell,28,2TM,PG,53,31,1360,100,0,0,0,0,0.0,2.0,61,22,50,11,57,10,656,11,14,,russeda01
159,D'Angelo Russell,28,LAL,PG,29,10,763,100,0,0,0,0,2.5,0.3,29,9,24,9,23,8,321,4,9,,russeda01
159,D'Angelo Russell,28,BRK,PG,24,21,597,99,1,0,0,0,-3.1,4.1,32,13,26,2,34,2,335,7,5,,russeda01
160,Donte DiVincenzo,28,MIN,SG,51,10,1358,69,31,0,0,0,5.9,2.6,53,20,44,3,19,16,456,2,20,,divindo01
161,Julian Strawther,22,DEN,SG,61,4,1351,0,41,58,1,0,-1.6,-10.2,22,17,84,12,33,6,199,7,19,,strawju01
162,Ziaire Williams,23,BRK,SF,54,36,1334,1,18,66,15,1,-8.3,-3.0,29,15,66,3,41,16,180,4,38,,willizi02
163,Paul George,34,PHI,PF,41,41,1334,0,0,9,89,2,-3.6,2.5,59,29,42,12,44,7,435,11,20,,georgpa01
164,Isaiah Hartenstein,26,OKC,C,47,44,1331,0,0,0,0,100,12.8,0.0,39,19,72,16,48,2,420,10,28,,harteis01
165,Santi Aldama,24,MEM,PF,53,13,1325,0,0,7,66,27,8.4,4.3,32,14,35,3,33,7,364,10,21,,aldamsa01
166,Peyton Watson,22,DEN,SF,56,13,1320,0,5,66,30,0,1.8,-4.3,20,17,62,7,54,4,187,11,33,,watsope01
167,Grayson Allen,29,PHO,SG,53,3,1317,36,64,0,0,0,-1.1,0.0,35,14,41,7,37,8,280,6,16,,allengr01
168,Dalton Knecht,23,LAL,SF,64,14,1316,0,36,54,10,0,-2.3,-7.6,15,8,55,7,30,1,140,4,21,,knechda01
169,Jonas Valančiūnas,32,2TM,C,66,18,1315,0,0,0,0,100,-11.3,-4.4,40,31,79,30,67,1,350,13,34,,valanjo01
169,Jonas Valančiūnas,32,WAS,C,49,12,983,0,0,0,0,100,-16.5,-7.1,37,25,49,21,50,1,258,10,24,,valanjo01
169,Jonas Valančiūnas,32,SAC,C,17,6,332,0,0,0,0,100,4.2,3.5,3,6,30,9,17,0,92,3,10,,valanjo01
170,Moses Moody,22,GSW,SG,61,21,1311,15,49,31,6,0,5.2,3.9,16,14,41,3,52,6,189,7,27,,moodymo01
171,Jimmy Butler,35,2TM,SF,42,42,1311,0,1,39,60,0,6.2,7.5,35,14,24,5,132,4,587,29,41,,butleji01
171,Jimmy Butler,35,MIA,PF,25,25,766,0,0,26,75,0,3.1,6.2,22,4,12,2,71,4,316,15,22,,butleji01
171,Jimmy Butler,35,GSW,SF,17,17,545,0,2,58,40,0,10.6,9.2,13,10,12,3,61,0,271,14,19,,butleji01
172,Luka Dončić,25,2TM,PG,37,37,1303,61,36,4,0,0,9.0,10.7,91,38,45,2,132,12,704,33,23,,doncilu01
172,Luka Dončić,25,DAL,PG,22,22,785,73,27,0,0,0,9.2,12.7,51,18,26,1,69,8,413,21,11,,doncilu01
172,Luka Dončić,25,LAL,PG,15,15,518,42,49,9,0,0,8.7,7.8,40,20,19,1,63,4,291,12,12,,doncilu01
173,Brandin Podziemski,21,GSW,SG,51,20,1299,5,43,45,7,0,6.7,6.3,31,15,30,2,32,27,429,7,21,,podzibr01
174,Caris LeVert,30,2TM,SG,52,3,1294,4,18,70,8,0,8.2,1.7,41,16,35,1,52,3,429,11,19,,leverca01
174,Caris LeVert,30,CLE,SF,38,3,904,0,6,84,10,0,12.2,1.9,33,15,21,1,34,1,344,6,15,,leverca01
174,Caris LeVert,30,ATL,SG,14,0,390,12,47,38,4,0,-0.9,1.4,8,1,14,0,18,2,85,5,4,,leverca01
175,Ja Morant,25,MEM,PG,43,43,1291,100,0,0,0,0,7.3,2.3,106,40,41,1,134,16,756,31,46,,moranja01
176,Kevin Huerter,26,2TM,SG,57,19,1288,0,44,51,5,0,0.0,-0.6,40,12,63,1,20,7,253,3,12,,huertke01
176,Kevin Huerter,26,SAC,SG,43,15,899,0,53,45,2,0,-3.7,-6.6,27,9,48,1,13,4,176,1,6,,huertke01
176,Kevin Huerter,26,CHI,SG,14,4,389,0,25,65,10,0,8.7,13.1,13,3,15,0,7,3,77,2,6,,huertke01
177,Jalen Johnson,23,ATL,SF,36,36,1284,0,0,9,91,0,1.4,5.7,66,15,34,11,64,5,426,18,39,,johnsja05
178,Isaiah Joe,25,OKC,SG,61,12,1281,33,67,0,0,0,14.6,3.0,12,14,48,0,15,30,227,4,16,,joeis01
179,Jake LaRavia,23,2TM,PF,62,0,1261,0,1,48,48,3,6.7,3.0,39,23,60,9,47,7,376,6,25,,laravja01
179,Jake LaRavia,23,MEM,PF,47,0,982,0,2,56,41,2,9.7,5.4,31,18,43,8,42,5,329,6,21,,laravja01
179,Jake LaRavia,23,SAC,PF,15,0,279,0,0,21,73,7,-4.0,-5.5,8,5,17,1,5,2,47,0,4,,laravja01
180,Patrick Williams,23,CHI,PF,49,35,1257,0,0,1,96,3,-6.7,-6.2,27,20,37,6,33,1,241,6,32,,willipa01
181,Obi Toppin,26,IND,PF,64,1,1248,0,0,0,63,38,-4.3,-9.0,26,15,49,7,41,1,227,9,19,,toppiob01
182,Isaiah Stewart,23,DET,C,63,3,1242,0,0,0,1,99,0.7,-2.7,17,11,74,22,36,3,265,10,11,,stewais01
183,Goga Bitadze,25,ORL,C,58,41,1237,0,0,0,0,100,0.9,4.5,19,13,63,18,47,4,273,9,23,,bitadgo01
184,Ty Jerome,27,CLE,SG,63,2,1236,4,50,46,0,0,11.0,0.3,35,32,31,4,68,2,500,19,27,,jeromty01
185,Gabe Vincent,28,LAL,PG,58,10,1232,79,21,0,0,0,0.8,-2.4,23,3,69,6,4,16,204,0,8,,vincega01
186,Sam Hauser,27,BOS,PF,59,15,1231,0,0,33,65,3,9.7,2.2,12,6,35,0,3,3,137,2,3,,hausesa01
187,Jaime Jaquez Jr.,23,MIA,SF,56,14,1220,2,32,56,10,0,-6.7,-8.1,37,32,48,5,67,1,353,16,53,,jaqueja01
188,Luke Kennard,28,MEM,SG,54,10,1220,39,50,11,1,0,5.1,-1.1,40,16,22,3,14,0,443,4,10,,kennalu01
189,John Collins,27,UTA,PF,40,31,1220,0,0,43,55,3,-0.3,11.4,36,34,60,21,83,3,198,23,54,,collijo01
190,Nicolas Batum,36,LAC,PF,67,8,1208,0,0,0,74,25,4.6,2.5,20,2,51,5,7,2,190,1,5,,batumni01
191,Deandre Ayton,26,POR,C,40,40,1206,0,0,0,0,100,-6.8,-4.5,21,25,56,10,26,2,159,7,15,,aytonde01
192,Mason Plumlee,34,PHO,C,68,20,1205,0,0,0,1,99,1.3,3.7,17,14,90,16,51,3,284,7,26,,plumlma01
193,Brandon Clarke,28,MEM,PF,63,18,1201,0,2,38,54,7,8.8,4.6,14,13,87,8,51,6,160,23,22,,clarkbr01
194,Paolo Banchero,22,ORL,PF,35,35,1195,0,0,0,88,12,-4.5,-4.0,50,40,47,7,149,3,404,34,37,,banchpa01
195,Jordan Hawkins,22,NOP,SG,51,7,1189,7,50,38,5,0,-12.8,-5.9,21,20,27,1,28,5,140,4,24,,hawkijo01
196,Jeremy Sochan,21,SAS,PF,47,19,1183,0,0,0,65,35,-2.6,0.3,31,21,40,14,54,3,274,16,39,,sochaje01
197,Clint Capela,30,ATL,C,55,41,1176,0,0,0,0,100,-3.1,-1.4,17,9,59,10,49,10,146,11,36,,capelca01
198,Tari Eason,23,HOU,PF,46,12,1162,0,2,23,69,6,7.5,4.9,20,12,53,8,43,1,149,10,39,,easonta01
199,Kevin Porter Jr.,24,2TM,SG,62,2,1161,22,57,19,2,0,-0.2,-4.1,57,37,42,10,55,7,473,10,38,,porteke02
199,Kevin Porter Jr.,24,LAC,SG,45,2,884,22,55,22,2,0,-1.4,-5.9,39,30,33,7,34,4,348,6,28,,porteke02
199,Kevin Porter Jr.,24,MIL,SG,17,0,277,23,64,13,0,0,3.4,1.9,18,7,9,3,21,3,125,4,10,,porteke02
200,Bobby Portis,29,MIL,PF,46,7,1160,0,0,0,82,18,2.0,0.5,22,14,52,8,31,2,258,9,29,,portibo01
201,Kyle Filipowski,21,UTA,C,59,15,1158,0,0,0,16,84,-7.8,-0.3,35,22,77,11,55,3,280,15,28,,filipky01
202,T.J. McConnell,32,IND,PG,64,0,1157,100,0,0,0,0,-1.6,-4.4,57,30,37,0,26,24,698,5,36,,mccontj01
203,Nikola Jović,21,MIA,PF,46,10,1156,0,0,3,90,7,-1.3,0.5,29,14,47,7,43,3,316,10,12,,jovicni01
204,Jamal Shead,22,TOR,PG,63,4,1149,100,0,0,0,0,-9.8,-7.0,67,12,64,6,22,26,578,10,18,,sheadja01
205,Javonte Green,31,2TM,SG,56,18,1142,16,49,34,1,0,-9.4,-1.9,14,8,51,4,38,4,113,12,13,,greenja02
205,Javonte Green,31,NOP,SG,50,18,1092,17,48,35,1,0,-10.3,-1.9,14,7,48,4,36,3,104,11,13,,greenja02
205,Javonte Green,31,CLE,SG,6,0,50,0,84,16,0,0,9.5,-1.3,0,1,3,0,2,1,9,1,0,,greenja02
206,Sam Merrill,28,CLE,SG,59,2,1136,11,80,9,0,0,12.9,3.1,15,3,52,5,5,16,199,0,11,,merrisa01
207,Cole Anthony,24,ORL,PG,61,22,1135,100,0,0,0,0,-2.0,-0.2,59,25,64,3,47,10,418,12,13,,anthoco01
208,Matas Buzelis,20,CHI,SF,66,17,1131,0,0,16,77,7,-3.4,-0.8,14,23,83,3,36,4,138,5,23,,buzelma01
209,Zach Edey,22,MEM,C,54,46,1127,0,0,0,0,100,4.9,-1.5,22,18,83,17,48,1,120,18,30,,edeyza01
210,Terance Mann,28,2TM,SG,54,12,1124,9,46,43,3,0,-5.7,-8.5,19,14,43,4,26,5,238,5,26,,mannte01
210,Terance Mann,28,LAC,SG,37,12,732,2,39,55,4,0,-4.3,-9.3,9,11,28,4,15,4,138,2,18,,mannte01
210,Terance Mann,28,ATL,SG,17,0,392,22,59,19,0,0,-8.3,-7.0,10,3,15,0,11,1,100,3,8,,mannte01
211,Daniel Gafford,26,DAL,C,51,28,1115,0,0,0,1,99,1.8,3.4,15,20,80,18,81,4,171,25,29,,gaffoda01
212,Luke Kornet,29,BOS,C,61,12,1095,0,0,0,0,100,11.6,4.8,11,6,67,8,41,5,255,8,17,,kornelu01
213,Brice Sensabaugh,21,UTA,SF,58,8,1092,0,2,62,35,1,-11.3,-5.6,51,18,42,5,28,1,188,11,19,,sensabr01
214,Tyrese Martin,25,BRK,SG,51,7,1087,18,53,27,2,0,-10.1,-5.3,39,14,22,1,23,3,222,2,12,,martity01
215,Aaron Gordon,29,DEN,PF,40,31,1087,0,0,0,92,8,10.3,8.7,31,13,39,5,67,6,281,15,32,,gordoaa01
216,Nick Smith Jr.,20,CHO,SG,49,24,1082,15,73,12,0,0,-13.8,-8.3,39,21,33,2,10,3,249,3,16,,smithni01
217,Jose Alvarado,26,NOP,PG,45,12,1074,100,0,0,0,0,-6.9,3.1,37,9,25,1,20,15,476,4,17,,alvarjo01
218,Ben Sheppard,23,IND,SG,53,9,1066,2,81,17,0,0,-1.5,-4.1,9,5,78,1,9,11,163,3,12,,sheppbe01
219,Ron Holland,19,DET,SF,69,1,1065,0,2,75,23,0,-1.9,-6.4,22,20,58,8,55,7,158,12,17,,hollaro01
220,Ryan Dunn,22,PHO,SF,61,31,1064,0,0,51,48,1,-0.2,1.4,12,6,74,7,14,3,123,0,19,,dunnry01
221,Moussa Diabaté,23,CHO,C,59,8,1062,0,0,0,3,97,-2.5,8.5,21,15,42,7,37,5,129,9,19,,diabamo01
222,Simone Fontecchio,29,DET,SF,62,0,1053,0,0,24,75,1,-0.5,-4.4,23,18,45,2,33,7,150,8,13,,fontesi01
223,Nick Richards,27,2TM,C,48,35,1049,0,0,0,0,100,-7.0,-3.4,18,24,71,19,70,7,111,15,41,,richani01
223,Nick Richards,27,CHO,C,21,9,440,0,0,0,0,100,-9.3,-1.1,10,12,27,7,40,5,67,9,19,,richani01
223,Nick Richards,27,PHO,C,27,26,609,0,0,0,0,100,-5.3,-5.1,8,12,44,12,30,2,44,6,22,,richani01
224,Bogdan Bogdanović,32,2TM,SG,41,4,1047,8,59,31,3,0,-0.5,-0.7,36,12,43,9,22,8,242,5,9,,bogdabo01
224,Bogdan Bogdanović,32,ATL,SG,24,0,598,4,76,19,1,0,-3.9,-2.2,26,4,27,5,14,6,116,3,5,,bogdabo01
224,Bogdan Bogdanović,32,LAC,SG,17,4,449,13,35,47,5,0,4.0,1.2,10,8,16,4,8,2,126,2,4,,bogdabo01
225,Caleb Martin,29,2TM,SF,36,24,1039,0,38,54,8,0,-6.0,-1.8,10,23,29,5,32,14,201,6,12,,martica02
225,Caleb Martin,29,PHI,SF,31,24,943,0,40,55,5,0,-6.3,-1.6,8,22,23,5,28,11,172,4,11,,martica02
225,Caleb Martin,29,DAL,SF,5,0,96,0,13,54,33,0,-3.9,-3.6,2,1,6,0,4,3,29,2,1,,martica02
226,Kel'el Ware,20,MIA,C,50,22,1032,0,0,0,0,100,-1.1,0.8,20,10,66,8,27,2,107,7,15,,wareke01
227,Dean Wade,28,CLE,PF,48,26,1032,0,0,22,66,12,13.1,3.2,6,6,50,4,10,5,166,6,9,,wadede01
228,Ausar Thompson,22,DET,SF,47,36,1012,0,2,83,15,0,5.5,4.4,34,22,44,7,45,19,252,6,30,,thompau01
229,Dejounte Murray,28,NOP,PG,31,31,1012,22,76,2,0,0,-10.0,-1.5,62,36,21,3,56,1,543,11,20,,murrade01
230,Trey Lyles,29,SAC,PF,55,2,1003,0,0,0,53,48,-2.7,-5.4,16,9,42,4,27,11,144,4,10,,lylestr01
231,Jalen Suggs,23,ORL,PG,35,35,1002,91,9,0,0,0,0.4,3.3,55,28,43,8,43,20,296,10,17,,suggsja01
232,Donovan Clingan,20,POR,C,55,25,1001,0,0,0,0,100,-2.2,2.5,24,14,107,20,42,1,141,9,17,,clingdo01
233,Cody Martin,29,2TM,SF,41,8,995,0,27,63,10,0,-0.6,10.1,22,15,39,0,20,11,242,1,11,,martico01
233,Cody Martin,29,CHO,SF,39,8,967,0,26,64,10,1,-2.1,8.8,21,15,34,0,19,10,227,0,9,,martico01
233,Cody Martin,29,PHO,SF,2,0,28,0,42,59,0,0,52.6,54.2,1,0,5,0,1,1,15,1,2,,martico01
234,Brandon Boston Jr.,23,NOP,SG,42,10,993,1,41,48,9,0,-7.5,2.2,27,17,33,5,39,8,230,3,24,,bostobr01
235,Kristaps Porziņģis,29,BOS,C,34,34,987,0,0,0,11,89,3.4,-7.0,13,10,51,14,71,1,171,13,21,,porzikr01
236,Max Strus,28,CLE,SF,39,26,978,0,22,68,10,0,9.9,-1.4,20,10,45,1,7,11,277,2,8,,strusma01
237,Ben Simmons,28,2TM,PG,41,24,976,71,27,3,0,0,-2.4,3.5,57,15,42,11,17,11,655,5,9,,simmobe01
237,Ben Simmons,28,BRK,PG,33,24,825,76,24,0,0,0,-3.5,4.0,54,15,33,11,13,9,571,4,8,,simmobe01
237,Ben Simmons,28,LAC,PG,8,0,151,43,41,17,0,0,3.8,0.9,3,0,9,0,4,2,84,1,1,,simmobe01
238,Kevon Looney,28,GSW,C,63,6,971,0,0,0,0,100,4.0,1.6,12,9,76,14,38,3,259,11,17,,looneke01
239,Jonathan Isaac,27,ORL,PF,60,0,949,0,0,7,81,12,-3.9,-2.7,10,7,49,8,35,1,70,7,12,,isaacjo01
240,Johnny Juzang,23,UTA,SG,51,12,941,1,35,60,5,0,-10.7,-4.4,9,10,66,3,18,4,117,6,11,,juzanjo01
241,Jarace Walker,21,IND,PF,60,3,940,0,0,21,68,10,-7.7,-12.6,39,17,49,4,29,3,196,8,9,,walkeja02
242,Noah Clowney,20,BRK,PF,41,18,928,0,0,6,66,28,-14.3,-10.8,13,12,51,7,33,11,86,5,24,,clownno01
243,Julian Phillips,21,CHI,SF,66,3,927,0,0,23,76,1,-1.2,2.3,7,8,47,1,33,4,82,10,14,,phillju01
244,Justin Champagnie,23,WAS,SF,48,18,927,0,7,52,42,0,-7.1,6.3,20,10,43,3,23,4,110,8,18,,champju01
245,Precious Achiuwa,25,NYK,C,44,8,927,0,0,0,52,48,-0.8,-7.6,10,11,43,8,28,1,104,7,19,,achiupr01
246,Jonathan Kuminga,22,GSW,PF,36,10,924,0,0,9,57,34,0.5,-3.2,26,19,32,7,93,4,206,7,42,,kuminjo01
247,Brandon Miller,22,CHO,SF,27,27,924,0,0,74,23,3,-7.0,1.8,32,26,27,12,34,4,237,6,21,,millebr02
248,Trayce Jackson-Davis,24,GSW,C,54,37,921,0,0,0,0,100,-3.1,-8.2,16,9,42,14,51,0,256,14,41,,jackstr02
249,Jeremiah Robinson-Earl,24,NOP,PF,53,6,921,0,0,1,77,22,-12.7,-5.1,18,10,36,2,20,2,150,4,11,,robinje02
250,Jordan Clarkson,32,UTA,SG,35,9,920,3,78,19,0,0,-11.1,-4.9,34,30,24,6,55,2,318,12,37,,clarkjo01
251,Vit Krejci,24,ATL,PG,44,15,917,36,63,1,0,0,-3.3,-1.6,25,11,40,0,17,4,278,3,8,,krejcvi01
252,Cody Williams,20,UTA,SG,44,15,916,3,36,60,2,0,-13.1,-7.7,14,19,44,3,20,2,137,4,15,,willico04
253,Tidjane Salaün,19,CHO,PF,48,8,915,0,0,0,87,13,-12.8,-6.2,13,16,32,9,27,3,126,4,21,,salauti01
254,Ricky Council IV,23,PHI,SF,59,7,914,0,13,64,23,0,-2.9,3.1,12,8,22,7,50,2,163,9,19,,councri01
255,Andre Jackson Jr.,23,MIL,SG,59,43,908,0,69,26,5,0,-0.7,-3.3,32,7,49,9,10,7,194,2,6,,jacksan01
256,Jonathan Mogbo,23,TOR,PF,50,12,904,0,0,0,38,62,-10.9,-7.9,18,12,55,8,35,4,193,10,20,,mogbojo01
257,Mark Williams,23,CHO,C,35,32,902,0,0,0,0,100,-13.0,-6.5,15,18,49,9,76,3,221,23,21,,willima07
258,Jaden Ivey,22,DET,SG,30,30,898,7,76,18,0,0,-3.9,-8.6,42,28,23,9,56,7,294,13,26,,iveyja01
259,Ja'Kobe Walter,20,TOR,SG,44,11,879,18,72,11,0,0,-4.0,1.6,16,13,49,2,36,5,133,10,32,,walteja01
260,Cameron Payne,30,NYK,PG,61,1,870,80,20,0,0,0,9.7,7.0,19,13,44,4,20,9,385,5,8,,payneca01
261,Jalen Smith,24,CHI,C,57,1,869,0,0,0,1,99,-2.7,0.2,12,6,54,12,38,7,132,10,13,,smithja04
262,Chris Boucher,32,TOR,PF,50,0,862,0,0,3,91,7,-0.6,6.0,10,10,42,6,42,4,79,9,19,,bouchch01
263,Day'Ron Sharpe,23,BRK,C,47,2,844,0,0,0,0,100,1.6,10.9,20,15,44,19,33,2,196,8,26,,sharpda01
264,Alex Caruso,30,OKC,SG,44,1,844,27,51,23,0,0,14.9,2.8,21,6,39,3,18,15,272,8,12,,carusal01
265,Tre Jones,25,2TM,PG,44,7,840,91,9,0,0,0,-2.9,0.0,18,10,23,2,26,10,442,10,16,,jonestr01
265,Tre Jones,25,SAS,PG,28,0,450,83,17,0,0,0,0.0,3.2,15,4,15,1,12,5,265,6,4,,jonestr01
265,Tre Jones,25,CHI,PG,16,7,390,100,0,0,0,0,-6.1,-3.7,3,6,8,1,14,5,177,4,12,,jonestr01
266,Seth Curry,34,CHO,SG,57,10,839,16,78,7,0,0,-8.1,0.2,12,9,22,1,9,5,100,2,5,,curryse01
267,Justin Edwards,21,PHI,SF,34,16,838,0,40,49,11,0,-11.2,-8.1,11,15,48,1,10,4,113,1,18,,edwarju01
268,Gary Payton II,32,GSW,SG,56,10,829,23,73,4,0,0,7.9,6.7,15,4,32,11,19,2,184,10,17,,paytoga02
269,Kenrich Williams,30,OKC,PF,55,4,828,0,0,9,57,34,16.6,5.0,11,12,45,1,12,13,166,4,17,,willike04
270,Zion Williamson,24,NOP,PF,29,29,827,0,0,29,62,8,-3.7,7.0,33,33,38,17,128,0,387,34,61,,willizi01
271,Jaxson Hayes,24,LAL,C,42,21,823,0,0,0,1,99,7.8,7.4,14,4,65,12,34,4,126,9,8,,hayesja02
272,Kris Murray,24,POR,SF,57,3,811,0,12,69,19,0,-1.7,3.0,14,12,24,3,22,3,123,4,14,,murrakr01
273,Dalano Banton,25,POR,PG,54,0,809,66,34,0,0,0,-1.5,3.2,33,20,25,3,46,2,273,11,26,,bantoda01
274,Jusuf Nurkić,30,2TM,C,38,27,805,0,0,0,0,100,-7.8,-5.7,34,18,56,22,46,2,188,9,13,,nurkiju01
274,Jusuf Nurkić,30,PHO,C,25,23,592,0,0,0,0,100,-5.9,-5.8,27,13,43,17,33,2,112,6,11,,nurkiju01
274,Jusuf Nurkić,30,CHO,C,13,4,213,0,0,0,0,100,-13.2,-5.3,7,5,13,5,13,0,76,3,2,,nurkiju01
275,Isaac Okoro,24,CLE,SG,42,20,793,0,25,70,6,0,15.4,6.0,7,5,44,5,13,5,138,1,17,,okorois01
276,Garrison Mathews,28,ATL,SG,45,2,786,6,73,21,0,0,-4.0,-2.4,15,6,39,2,31,15,132,6,4,,mathega01
277,Khris Middleton,33,2TM,SF,34,18,785,0,0,51,48,1,3.4,6.7,30,18,28,2,31,5,342,9,12,,middlkh01
277,Khris Middleton,33,MIL,SF,23,7,534,0,0,75,25,0,4.8,3.7,21,14,20,1,16,1,241,4,7,,middlkh01
277,Khris Middleton,33,WAS,SF,11,11,251,0,0,1,96,3,0.5,13.1,9,4,8,1,15,4,101,5,5,,middlkh01
278,KJ Martin,24,2TM,PF,37,15,785,0,3,43,51,3,-4.7,1.9,11,9,56,1,24,1,92,7,17,,martike04
278,KJ Martin,24,PHI,PF,24,7,480,0,0,31,65,4,3.5,10.1,5,6,38,1,15,1,49,3,12,,martike04
278,KJ Martin,24,UTA,SF,13,8,305,0,8,63,28,1,-17.6,-11.1,6,3,18,0,9,0,43,4,5,,martike04
279,Kawhi Leonard,33,LAC,SF,26,26,781,0,0,19,77,4,8.8,7.5,19,26,14,5,37,0,183,8,6,,leonaka01
280,Cam Thomas,23,BRK,SG,25,23,781,12,63,25,0,0,-7.2,-0.8,21,27,24,6,71,7,224,16,28,,thomaca02
281,Lonzo Ball,27,CHI,PG,35,14,777,97,3,0,0,0,6.5,12.4,34,3,30,3,6,2,281,1,4,,balllo01
282,Thomas Bryant,27,2TM,C,51,6,775,0,0,0,0,100,1.6,0.7,14,4,38,6,23,4,111,8,17,,bryanth01
282,Thomas Bryant,27,MIA,C,10,0,115,0,0,0,0,100,9.7,11.8,2,0,5,0,4,1,8,0,1,,bryanth01
282,Thomas Bryant,27,IND,C,41,6,660,0,0,0,0,100,0.2,-1.2,12,4,33,6,19,3,103,8,16,,bryanth01
283,Vasilije Micić,31,2TM,PG,38,16,771,90,9,1,0,0,-7.6,0.6,43,21,23,2,16,8,293,4,23,,micicva01
283,Vasilije Micić,31,CHO,PG,36,16,764,91,9,0,0,0,-8.4,-0.1,43,21,23,2,16,8,293,4,23,,micicva01
283,Vasilije Micić,31,PHO,PG,2,0,7,0,22,78,0,0,73.3,74.6,0,0,0,0,0,0,0,0,0,,micicva01
284,Eric Gordon,36,PHI,SG,39,13,768,1,80,19,1,0,-5.8,-0.9,16,7,19,2,20,1,158,3,14,,gordoer01
285,Dereck Lively II,20,DAL,C,32,25,768,0,0,0,0,100,8.1,11.1,17,8,57,9,35,0,212,7,22,,livelde01
286,Immanuel Quickley,25,TOR,PG,27,27,766,93,7,0,0,0,-3.2,2.5,27,12,21,5,51,3,353,8,19,,quickim01
287,Dalen Terry,22,CHI,SG,61,3,762,1,29,64,6,0,-11.0,-10.6,20,9,50,2,27,3,183,5,16,,terryda01
288,Neemias Queta,25,BOS,C,53,6,762,0,0,0,11,89,11.5,4.1,5,8,52,17,25,2,90,3,11,,quetane01
289,Aaron Nesmith,25,IND,SF,31,23,762,0,17,83,0,0,10.0,11.5,11,6,43,5,23,12,102,9,16,,nesmiaa01
290,Zach Collins,27,2TM,PF,50,12,761,0,0,0,1,99,-2.1,0.6,15,12,65,10,31,3,192,7,15,,colliza01
290,Zach Collins,27,SAS,C,36,4,425,0,0,0,0,100,-9.6,-7.9,7,8,38,7,15,2,112,5,11,,colliza01
290,Zach Collins,27,CHI,PF,14,8,336,0,0,0,3,97,7.4,11.4,8,4,27,3,16,1,80,2,4,,colliza01
291,Andre Drummond,31,PHI,C,40,23,751,0,0,0,0,100,-15.0,-12.7,15,13,52,19,39,1,80,10,29,,drumman01
292,Shake Milton,28,2TM,SG,50,1,750,27,54,18,1,0,-3.4,0.1,19,10,27,3,26,6,237,9,14,,miltosh01
292,Shake Milton,28,BRK,SG,27,1,492,16,60,22,2,0,-7.0,-0.6,9,8,18,2,17,6,164,5,10,,miltosh01
292,Shake Milton,28,LAL,SG,23,0,258,48,42,9,1,0,3.6,1.5,10,2,9,1,9,0,73,4,4,,miltosh01
293,Kyle Anderson,31,2TM,PF,50,4,746,0,0,0,68,31,-6.2,-9.1,17,6,28,2,23,3,269,8,10,,anderky01
293,Kyle Anderson,31,GSW,PF,36,3,541,0,0,0,63,37,-5.4,-9.9,11,5,19,1,13,2,200,7,7,,anderky01
293,Kyle Anderson,31,MIA,SF,14,1,205,0,0,1,83,15,-8.4,-7.2,6,1,9,1,10,1,69,1,3,,anderky01
294,Oso Ighodaro,22,PHO,PF,48,2,719,0,0,2,52,46,5.8,8.8,11,10,49,6,16,1,113,4,10,,ighodos01
295,Cam Whitmore,20,HOU,SF,44,1,714,0,1,45,51,3,2.1,-2.8,13,15,22,5,33,0,100,6,30,,whitmca01
296,DaQuan Jeffries,27,CHO,SG,33,9,704,0,4,66,29,1,-9.4,-1.4,11,6,52,0,8,2,92,1,11,,jeffrda01
297,Jaden Hardy,22,DAL,SG,46,3,697,12,68,20,0,0,-1.9,-1.9,25,27,38,6,29,6,150,7,19,,hardyja02
298,Lindy Waters III,27,2TM,SG,46,9,693,0,42,54,4,0,0.6,-3.2,11,6,33,3,4,3,113,1,9,,waterli01
298,Lindy Waters III,27,GSW,SG,38,9,655,0,40,57,4,0,-1.6,-5.5,9,5,32,3,4,3,104,1,8,,waterli01
298,Lindy Waters III,27,DET,SG,8,0,38,0,87,13,0,0,38.2,36.1,2,1,1,0,0,0,9,0,1,,waterli01
299,Drew Eubanks,27,2TM,C,50,4,685,0,0,0,38,62,-9.5,-4.1,17,10,35,6,30,2,124,2,21,,eubandr01
299,Drew Eubanks,27,UTA,C,37,4,568,0,0,1,46,54,-9.4,-2.3,14,9,28,5,25,2,113,2,14,,eubandr01
299,Drew Eubanks,27,LAC,C,13,0,117,0,0,0,0,100,-9.6,-13.0,3,1,7,1,5,0,11,0,7,,eubandr01
300,Jamison Battle,23,TOR,SF,46,4,674,0,21,54,26,0,-10.4,-6.6,8,6,26,0,5,2,89,1,10,,battlja01
301,Bruce Brown,28,2TM,PG,32,4,669,12,80,7,0,0,-13.1,-6.8,15,14,24,1,22,0,142,6,17,,brownbr01
301,Bruce Brown,28,TOR,PG,18,0,353,9,89,2,0,0,-7.6,-2.8,7,10,13,1,14,0,67,3,11,,brownbr01
301,Bruce Brown,28,NOP,PG,14,4,316,16,70,13,0,0,-19.3,-11.3,8,4,11,0,8,0,75,3,6,,brownbr01
302,Aaron Holiday,28,HOU,PG,52,3,667,100,0,0,0,0,4.7,0.5,17,9,29,4,8,11,163,2,8,,holidaa01
303,Kelly Olynyk,33,2TM,C,35,13,665,0,0,0,0,100,-0.2,7.1,29,12,55,7,30,5,221,3,9,,olynyke01
303,Kelly Olynyk,33,TOR,C,24,2,383,0,0,0,0,100,-6.2,-1.3,18,7,33,7,19,1,128,1,4,,olynyke01
303,Kelly Olynyk,33,NOP,C,11,11,282,0,0,0,0,100,8.0,18.6,11,5,22,0,11,4,93,2,5,,olynyke01
304,Jared Butler,24,2TM,SG,46,6,659,87,13,0,0,0,-6.7,2.2,35,11,35,2,32,3,338,13,29,,butleja02
304,Jared Butler,24,WAS,PG,32,0,362,100,0,0,0,0,-5.5,6.8,21,5,21,2,21,2,190,13,23,,butleja02
304,Jared Butler,24,PHI,SG,14,6,297,71,30,0,0,0,-8.3,-3.5,14,6,14,0,11,1,148,0,6,,butleja02
305,Herbert Jones,26,NOP,SF,20,20,648,0,0,15,81,4,-0.9,10.1,20,11,37,1,19,10,156,2,10,,joneshe01
306,Marcus Sasser,24,DET,PG,49,0,646,99,1,0,0,0,1.7,-0.9,21,14,28,2,12,0,261,2,9,,sassema01
307,Alec Burks,33,MIA,SG,36,4,637,9,56,33,2,0,5.2,8.5,11,1,17,3,14,5,92,2,4,,burksal01
308,Maxi Kleber,33,DAL,PF,34,4,637,0,0,0,66,35,-0.7,-0.3,12,4,41,4,9,4,109,1,7,,klebima01
309,Jay Huff,26,MEM,C,54,2,636,0,0,0,4,96,0.0,-7.3,7,13,47,1,18,2,84,4,5,,huffja01
310,Jericho Sims,26,2TM,C,53,5,632,0,0,0,7,93,3.0,-0.8,7,12,36,11,5,1,84,1,9,,simsje01
310,Jericho Sims,26,NYK,C,39,5,422,0,0,0,10,90,4.0,-0.7,4,6,25,8,5,1,55,1,7,,simsje01
310,Jericho Sims,26,MIL,C,14,0,210,0,0,0,0,100,0.8,-1.0,3,6,11,3,0,0,29,0,2,,simsje01
311,Kyle Lowry,38,PHI,PG,33,12,623,100,0,0,0,0,-4.6,0.6,15,2,31,1,11,7,226,0,7,,lowryky01
312,Daniel Theis,32,NOP,C,38,9,621,0,0,0,0,100,-6.0,3.7,14,5,40,5,15,4,143,3,7,,theisda01
313,Jett Howard,21,ORL,SF,55,0,618,0,28,47,22,2,-6.8,-6.0,17,6,31,1,8,0,101,1,6,,howarje01
314,Steven Adams,31,HOU,C,49,2,618,0,0,0,0,100,6.0,2.0,22,12,25,6,29,2,139,7,10,,adamsst01
315,Jaylin Williams,22,OKC,PF,38,6,618,0,0,1,24,76,16.2,4.2,13,5,42,6,7,15,211,3,5,,willija07
316,Gui Santos,22,GSW,PF,44,2,610,0,1,9,79,11,10.9,9.8,24,7,41,1,14,2,150,6,7,,santogu01
317,Chet Holmgren,22,OKC,C,22,22,598,0,0,0,30,70,15.7,3.6,6,27,29,5,47,2,89,10,23,,holmgch01
318,Brandon Ingram,27,NOP,SF,18,18,595,0,7,66,27,0,-11.2,-2.7,28,26,22,13,26,1,224,4,21,,ingrabr01
319,Jared McCain,20,PHI,SG,23,8,592,13,86,1,0,0,-3.1,2.4,16,16,11,3,25,1,140,3,11,,mccaija01
320,Jabari Walker,22,POR,SF,50,1,591,0,0,19,66,15,-0.5,4.2,8,11,31,4,27,5,75,8,23,,walkeja01
321,Pelle Larsson,23,MIA,SG,45,2,589,9,57,33,1,0,1.0,3.2,12,2,41,0,19,7,107,6,5,,larsspe01
322,Adem Bona,21,PHI,C,47,2,585,0,0,0,5,95,-1.4,4.6,10,8,51,15,28,2,37,8,8,,bonaad01
323,Olivier-Maxence Prosper,22,DAL,PF,52,4,584,0,0,7,56,37,-7.4,-8.5,6,3,14,2,37,2,100,6,17,,prospol01
324,Marcus Smart,30,2TM,PG,28,6,578,30,67,3,0,0,5.5,5.6,28,11,20,5,14,11,236,1,7,,smartma01
324,Marcus Smart,30,MEM,PG,19,6,400,29,67,4,0,0,10.2,5.0,23,8,12,1,10,6,170,1,7,,smartma01
324,Marcus Smart,30,WAS,PG,9,0,178,34,67,0,0,0,-5.0,6.9,5,3,8,4,4,5,66,0,0,,smartma01
325,Trendon Watford,24,BRK,PF,31,0,576,0,0,0,73,27,-3.4,3.8,16,18,31,13,35,4,188,8,27,,watfotr01
326,Joel Embiid,30,PHI,C,19,19,574,0,0,0,0,100,-5.4,-0.3,25,22,21,11,77,1,207,13,14,,embiijo01
327,Kessler Edwards,24,DAL,SF,38,16,569,0,2,18,44,36,-10.0,-11.5,8,4,35,1,5,1,104,1,7,,edwarke02
328,Cam Reddish,25,LAL,SF,32,8,567,0,18,55,26,0,-3.5,-7.0,4,6,26,2,13,1,57,4,5,,reddica01
329,Moritz Wagner,27,ORL,C,30,1,564,0,0,0,4,96,-3.0,-1.3,12,17,22,11,50,9,100,14,14,,wagnemo01
330,Svi Mykhailiuk,27,UTA,SF,28,12,564,0,19,62,19,0,-2.5,6.1,25,13,17,0,11,3,129,4,12,,mykhasv01
331,Malcolm Brogdon,32,WAS,PG,24,13,564,50,49,1,0,0,-9.8,2.1,20,17,10,1,38,1,239,6,19,,brogdma01
332,Ajay Mitchell,22,OKC,SG,34,1,561,12,49,30,9,1,9.4,-4.0,16,8,33,3,17,11,141,6,11,,mitchaj01
333,Karlo Matković,23,NOP,PF,31,5,557,0,0,0,38,62,-8.0,1.2,17,4,47,7,16,0,66,6,8,,matkoka01
334,Talen Horton-Tucker,24,CHI,SG,49,0,550,1,48,49,2,0,-0.9,2.4,13,10,24,5,27,3,157,5,12,,hortota01
335,Micah Potter,26,UTA,C,31,10,545,0,0,0,53,47,-6.0,1.9,9,6,24,4,7,4,61,2,5,,pottemi01
336,Gary Harris,30,ORL,SG,35,2,544,9,65,24,2,0,1.8,4.4,5,2,10,1,2,0,49,0,4,,harriga01
337,Orlando Robinson,24,2TM,C,34,4,540,0,0,0,3,97,-7.3,-3.4,9,14,40,7,27,1,140,2,15,,robinor01
337,Orlando Robinson,24,SAC,C,9,0,57,0,0,0,12,88,5.7,4.7,0,3,4,1,4,0,23,1,0,,robinor01
337,Orlando Robinson,24,TOR,C,25,4,483,0,0,0,2,98,-8.8,-4.3,9,11,36,6,23,1,117,1,15,,robinor01
338,Reed Sheppard,20,HOU,PG,45,1,536,70,29,0,0,0,-2.3,-7.9,18,8,33,0,6,0,133,0,12,,sheppre01
339,Jae'Sean Tate,29,HOU,SF,47,2,530,3,43,51,3,0,5.4,1.3,6,5,35,6,18,10,101,5,15,,tateja01
340,DeAndre Jordan,36,DEN,C,46,2,528,0,0,0,0,100,-2.5,-8.2,12,10,32,9,20,0,77,5,13,,jordade01
341,Monte Morris,29,PHO,PG,41,0,527,100,0,0,0,0,5.8,8.2,11,4,10,0,16,3,153,1,11,,morrimo01
342,Caleb Houstan,22,ORL,SF,45,5,522,1,16,72,11,1,-10.8,-10.5,2,2,15,1,5,1,45,1,5,,houstca01
343,Quinten Post,24,GSW,PF,31,13,507,0,0,0,1,99,2.4,-0.6,12,5,41,6,10,1,116,3,11,,postqu01
344,Ryan Rollins,22,MIL,PG,43,8,502,87,13,0,0,0,7.2,6.4,24,8,33,2,12,5,126,5,13,,rolliry01
345,Tosan Evbuomwan,23,BRK,SF,21,0,501,1,33,55,10,0,-1.4,6.1,15,7,19,4,27,2,81,4,14,,evbuoto01
346,Josh Okogie,26,2TM,SG,32,2,500,1,35,56,8,0,4.5,8.1,13,6,19,2,27,7,61,7,19,,okogijo01
346,Josh Okogie,26,PHO,SG,25,1,351,2,44,47,8,0,-0.3,1.0,6,5,15,1,17,7,35,4,13,,okogijo01
346,Josh Okogie,26,CHO,SG,7,1,149,0,13,80,7,0,15.6,25.0,7,1,4,1,10,0,26,3,6,,okogijo01
347,Zeke Nnaji,24,DEN,PF,48,3,498,0,0,0,69,31,0.6,-4.6,5,3,42,3,18,2,40,2,10,,nnajize01
348,Rob Dillingham,20,MIN,PG,42,1,495,93,7,0,0,0,0.6,-4.4,28,16,19,0,7,2,226,3,8,,dilliro01
349,Jeff Dowtin,27,PHI,PG,36,1,487,99,1,0,0,0,-9.5,-5.1,5,2,10,1,14,1,159,4,9,,dowtije01
350,Richaun Holmes,31,WAS,PF,27,7,486,0,0,0,1,99,-2.6,10.5,4,7,26,7,30,3,98,8,10,,holmeri01
351,Grant Williams,26,CHO,PF,16,7,479,0,0,8,84,8,0.9,10.8,7,12,24,7,13,7,98,1,6,,willigr01
352,KJ Simpson,22,CHO,PG,23,4,470,100,0,0,0,0,-12.9,-5.4,17,9,21,1,16,9,150,5,14,,simpskj01
353,Pat Connaughton,32,MIL,SG,32,0,464,1,32,56,11,0,-2.1,-4.5,15,4,21,0,7,3,125,0,6,,connapa01
354,Larry Nance Jr.,32,ATL,PF,24,3,463,0,0,0,32,68,-8.9,-7.9,12,0,14,2,5,7,95,1,6,,nancela02
355,Keaton Wallace,25,ATL,PG,28,4,454,83,17,0,0,0,-1.9,0.3,20,6,23,0,5,2,159,1,2,,wallake01
356,John Konchar,28,MEM,SG,37,4,450,5,63,30,2,0,5.4,-0.6,6,6,18,1,5,0,79,2,5,,konchjo01
357,Landry Shamet,27,NYK,SG,35,0,442,0,54,45,1,0,6.8,2.6,9,3,19,1,5,3,41,1,10,,shamela01
358,Bol Bol,25,PHO,PF,32,10,426,0,0,0,67,33,-4.1,-3.4,8,7,15,0,11,0,48,2,0,,bolbo01
359,Delon Wright,32,2TM,PG,30,2,424,83,16,1,0,0,2.3,0.3,7,6,11,2,9,4,127,0,6,,wrighde01
359,Delon Wright,32,MIL,PG,26,2,405,86,15,0,0,0,1.2,-0.6,6,6,11,2,7,4,123,0,6,,wrighde01
359,Delon Wright,32,NYK,PG,4,0,19,24,53,24,0,0,24.0,19.5,1,0,0,0,2,0,4,0,0,,wrighde01
360,Dwight Powell,33,DAL,C,44,3,413,0,0,0,1,100,-3.1,-3.0,5,3,37,5,14,3,98,3,4,,poweldw01
361,Mo Bamba,26,2TM,C,32,2,413,0,0,0,0,100,-8.0,-10.2,6,4,34,6,15,0,44,3,6,,bambamo01
361,Mo Bamba,26,LAC,C,28,2,352,0,0,0,0,100,-6.7,-10.8,6,3,29,6,14,0,39,3,6,,bambamo01
361,Mo Bamba,26,NOP,C,4,0,61,0,0,0,0,100,-15.2,-6.3,0,1,5,0,1,0,5,0,0,,bambamo01
362,Jordan Miller,25,LAC,SF,34,0,411,0,2,63,34,1,-5.9,-10.1,13,7,13,4,13,0,81,2,11,,millejo02
363,Sandro Mamukelashvili,25,SAS,PF,46,0,410,0,0,1,57,41,3.4,7.1,7,5,21,1,17,1,63,3,4,,mamuksa01
364,GG Jackson II,20,MEM,PF,25,2,406,0,0,24,63,13,-7.9,-15.6,7,11,13,1,17,2,65,4,12,,jacksgg01
365,Ousmane Dieng,21,OKC,C,37,1,405,0,0,1,28,71,6.0,-7.7,10,4,22,0,9,0,77,2,6,,diengou01
366,Jaylen Clark,23,MIN,SG,28,4,399,3,57,38,2,0,2.3,-2.3,3,0,29,1,11,4,44,0,6,,clarkja02
367,Jalen Pickett,25,DEN,SG,36,0,398,55,44,1,0,0,6.1,1.8,10,3,9,3,2,0,145,2,2,,pickeja02
368,Jarred Vanderbilt,25,LAL,PF,23,2,389,0,0,7,62,31,2.8,0.7,7,3,16,1,9,2,73,1,5,,vandeja01
369,Blake Wesley,21,SAS,SG,43,0,386,21,64,14,2,0,6.5,10.5,22,8,12,0,16,5,196,1,9,,weslebl01
370,Trevelin Queen,27,ORL,SG,28,2,386,2,42,51,5,0,-12.9,-12.4,12,7,20,1,8,1,80,1,11,,queentr01
371,Reggie Jackson,34,PHI,PG,31,1,384,44,40,17,0,0,-1.0,4.7,12,1,10,2,3,1,111,1,3,,jacksre01
372,Jock Landale,29,HOU,C,36,1,383,0,0,0,1,99,-3.6,-9.0,4,6,22,6,18,2,69,5,16,,landajo01
373,Wendell Moore Jr.,23,2TM,SG,30,1,377,1,33,48,18,0,-8.8,-7.1,9,7,13,1,13,0,88,4,10,,moorewe01
373,Wendell Moore Jr.,23,DET,SG,20,1,219,1,53,37,9,0,4.6,2.3,4,4,6,1,8,0,58,2,5,,moorewe01
373,Wendell Moore Jr.,23,CHO,SG,10,0,158,0,5,64,31,0,-27.3,-20.0,5,3,7,0,5,0,30,2,5,,moorewe01
374,David Roddy,23,2TM,PF,30,3,375,0,0,6,83,11,-7.6,-6.0,11,8,14,1,9,2,79,2,9,,roddyda01
374,David Roddy,23,ATL,PF,27,3,346,0,0,3,85,12,-9.3,-8.0,11,7,14,1,9,2,73,2,7,,roddyda01
374,David Roddy,23,PHI,PF,3,0,29,0,0,38,55,7,12.5,17.8,0,1,0,0,0,0,6,0,2,,roddyda01
375,Craig Porter Jr.,24,CLE,PG,43,0,371,77,23,0,0,0,-0.4,-12.6,16,7,13,0,6,0,133,3,10,,portecr01
376,Jaylon Tyson,22,CLE,SG,42,2,371,0,22,44,34,0,0.6,-11.5,6,9,19,0,10,1,92,2,8,,tysonja01
377,Dillon Jones,23,OKC,SF,41,0,363,0,5,34,39,22,2.7,-11.3,6,5,23,1,8,1,101,2,7,,jonesdi01
378,Charles Bassey,24,SAS,C,34,1,363,0,0,0,2,98,-14.7,-13.5,6,9,32,5,14,0,39,5,7,,bassech01
379,Cory Joseph,33,ORL,PG,38,4,360,77,23,0,0,0,-2.8,-1.0,7,4,16,1,5,8,103,1,4,,josepco01
380,Robert Williams,27,POR,C,20,3,351,0,0,0,10,90,-3.6,0.3,8,4,23,5,9,0,52,3,6,,williro04
381,Paul Reed,25,DET,C,38,0,350,0,0,0,3,97,8.5,6.8,8,6,29,2,14,2,84,2,6,,reedpa01
382,Brandon Williams,25,DAL,PG,26,2,350,100,0,0,0,0,-5.2,-5.4,17,6,16,0,16,3,121,4,12,,willibr03
383,Jordan Walsh,20,BOS,PF,43,1,347,0,36,47,17,0,7.4,-1.0,5,3,13,0,6,2,43,2,3,,walshjo01
384,Dante Exum,29,DAL,PG,18,12,344,91,9,0,0,0,-7.9,-8.4,13,2,24,3,14,4,121,3,14,,exumda01
385,Mouhamed Gueye,22,ATL,PF,21,17,343,0,0,0,83,18,1.2,3.7,3,4,20,0,10,0,39,1,5,,gueyemo02
386,Alex Len,31,2TM,C,43,6,343,0,0,0,0,100,-15.9,-18.4,4,3,24,4,7,0,92,1,6,,lenal01
386,Alex Len,31,SAC,C,36,3,258,0,0,0,0,100,-16.4,-18.8,3,2,17,4,7,0,78,1,4,,lenal01
386,Alex Len,31,LAL,C,7,3,85,0,0,0,0,100,-14.6,-17.2,1,1,7,0,0,0,14,0,2,,lenal01
387,Antonio Reeves,24,NOP,SG,32,0,340,12,48,36,4,0,-9.5,-0.5,9,5,12,0,7,0,59,3,11,,reevean01
388,Trey Jemison,25,2TM,C,31,0,337,0,0,0,3,97,0.2,3.7,4,4,32,8,12,0,34,1,9,,jemistr01
388,Trey Jemison,25,NOP,C,16,0,166,0,0,0,0,100,-7.5,1.6,2,3,11,5,9,0,22,1,6,,jemistr01
388,Trey Jemison,25,LAL,C,15,0,171,0,0,0,6,94,7.7,5.7,2,1,21,3,3,0,12,0,3,,jemistr01
389,Hunter Tyson,24,DEN,PF,44,1,336,0,0,24,74,2,-12.2,-18.5,4,6,25,1,10,1,40,1,9,,tysonhu01
390,Reece Beekman,23,2TM,PG,30,0,333,100,0,0,0,0,-9.2,-3.1,11,5,10,0,6,6,95,1,5,,beekmre01
390,Reece Beekman,23,GSW,PG,2,0,4,100,0,0,0,0,21.4,18.6,0,0,1,0,0,0,2,0,0,,beekmre01
390,Reece Beekman,23,BRK,PG,28,0,329,100,0,0,0,0,-9.5,-3.3,11,5,9,0,6,6,93,1,5,,beekmre01
391,Terrence Shannon Jr.,24,MIN,SG,28,1,323,0,6,59,35,1,1.3,-3.4,4,5,15,2,12,1,70,3,17,,shannte01
392,Jeff Green,38,HOU,PF,26,2,319,0,1,20,58,21,-1.9,-6.9,4,1,18,1,9,2,31,2,2,,greenje02
393,Tre Mann,23,CHO,PG,13,0,319,100,0,0,0,0,-8.4,-0.2,10,9,13,4,9,1,102,3,13,,manntr01
394,Duop Reath,28,POR,C,37,0,318,0,0,0,1,99,-6.3,-2.6,3,7,17,2,4,0,43,0,3,,reathdu01
395,Vince Williams Jr.,24,MEM,SG,17,2,313,24,58,16,1,0,-0.3,-6.8,16,7,19,1,7,3,79,2,5,,willivi01
396,Malaki Branham,21,SAS,SG,38,0,311,35,57,8,0,0,-6.7,-4.3,12,15,9,0,9,0,64,0,8,,branhma01
397,Jamal Cain,25,NOP,SF,27,0,308,1,26,62,12,0,-10.4,-1.5,7,2,13,2,11,1,39,2,0,,cainja01
398,Rayan Rupert,20,POR,SG,41,0,307,2,60,38,1,0,-13.4,-10.5,11,7,15,0,10,2,43,2,11,,ruperra01
399,Taj Gibson,39,CHO,C,27,11,306,0,0,0,0,100,-12.2,-4.2,7,5,23,5,6,1,41,1,10,,gibsota01
400,Christian Koloko,24,LAL,C,33,0,304,0,0,0,0,100,-1.3,-3.9,2,5,30,0,4,1,39,0,8,,kolokch01
401,Quenton Jackson,26,IND,PG,22,7,301,82,18,0,0,0,-2.9,-4.5,7,2,19,3,10,14,92,3,10,,jacksqu01
402,Patty Mills,36,2TM,PG,25,0,298,98,2,0,0,0,-2.8,3.9,14,3,9,0,2,8,62,0,2,,millspa02
402,Patty Mills,36,UTA,PG,17,0,260,100,0,0,0,0,-0.9,7.2,14,2,7,0,1,7,51,0,2,,millspa02
402,Patty Mills,36,LAC,PG,8,0,38,82,18,0,0,0,-15.4,-18.6,0,1,2,0,1,1,11,0,0,,millspa02
403,Jordan Goodwin,26,LAL,PG,14,3,295,61,39,0,0,0,0.6,-1.8,5,3,21,1,1,2,43,1,5,,goodwjo01
404,Damion Baugh,24,CHO,SG,11,2,287,10,70,20,1,0,-25.3,-18.6,19,1,8,0,6,1,103,1,6,,baughda01
405,Doug McDermott,33,SAC,SF,36,3,286,0,3,55,41,1,2.7,1.8,3,1,14,2,2,0,9,0,3,,mcderdo01
406,Bismack Biyombo,32,SAS,C,16,15,283,0,0,0,0,100,-12.4,-10.5,5,4,16,5,9,2,48,1,6,,biyombi01
407,Johnny Furphy,20,IND,SG,41,0,273,3,65,32,0,0,-3.1,-4.7,3,4,13,1,3,2,24,1,7,,furphjo01
408,Dru Smith,27,MIA,SG,14,1,268,53,47,0,0,0,6.9,9.4,8,7,17,1,2,5,58,0,2,,smithdr01
409,Elfrid Payton,30,2TM,PG,13,5,267,76,24,0,0,0,-11.4,-2.8,22,4,9,1,1,1,158,0,6,,paytoel01
409,Elfrid Payton,30,NOP,PG,7,3,144,61,39,0,0,0,-4.9,4.3,16,3,4,1,1,1,109,0,4,,paytoel01
409,Elfrid Payton,30,CHO,PG,6,2,123,94,6,0,0,0,-19.0,-11.1,6,1,5,0,0,0,49,0,2,,paytoel01
410,A.J. Lawson,24,TOR,SG,14,2,266,14,56,30,0,0,-4.0,1.2,6,2,6,0,14,0,34,3,9,,lawsoaj01
411,Isaiah Wong,24,CHO,SG,20,0,265,23,58,19,0,0,-1.7,7.1,10,5,12,1,17,3,68,2,13,,wongis01
412,Anthony Gill,32,WAS,PF,43,0,255,0,0,2,92,6,-6.0,6.0,4,2,15,1,14,2,27,3,4,,gillan01
413,Tristan Thompson,33,CLE,C,35,0,252,0,0,0,0,100,-11.0,-23.6,2,4,9,3,10,0,56,2,6,,thomptr01
414,Isaac Jones,24,SAC,PF,30,0,252,0,0,1,60,39,-12.7,-14.9,4,6,16,1,18,1,25,6,11,,jonesis01
415,Josh Minott,22,MIN,SF,39,0,246,0,6,60,34,0,-6.4,-11.6,6,2,14,1,4,0,37,1,6,,minotjo01
416,Kevin Love,36,MIA,PF,22,9,246,0,0,0,48,52,-2.7,-1.2,12,1,15,0,8,4,49,1,6,,loveke01
417,Colin Castleton,24,2TM,C,17,3,243,0,0,4,54,42,-1.3,1.9,6,4,19,2,11,0,35,2,9,,castlco01
417,Colin Castleton,24,MEM,C,10,0,46,0,0,21,45,33,8.4,2.6,0,0,5,1,4,0,0,1,2,,castlco01
417,Colin Castleton,24,TOR,C,7,3,197,0,0,0,56,44,-3.5,1.7,6,4,14,1,7,0,35,1,7,,castlco01
418,Johnny Davis,22,WAS,SG,34,0,242,6,67,27,0,0,-5.0,7.0,3,2,10,0,6,2,27,0,3,,davisjo06
419,Kai Jones,24,2TM,C,29,0,242,0,0,0,9,91,-4.5,-7.4,6,3,16,1,9,0,24,2,1,,joneska01
419,Kai Jones,24,LAC,C,28,0,208,0,0,0,10,90,-3.2,-6.6,5,3,15,1,7,0,24,2,1,,joneska01
419,Kai Jones,24,DAL,C,1,0,34,0,0,0,0,100,-12.4,-12.1,1,0,1,0,2,0,0,0,0,,joneska01
420,Tristan Vukcevic,21,WAS,C,22,0,235,0,0,0,3,97,-5.4,6.6,9,7,19,2,16,5,49,5,2,,vukcetr01
421,Devin Carter,22,SAC,PG,24,0,231,91,9,0,0,0,-2.4,-3.7,9,1,12,1,14,6,72,0,4,,cartede02
422,Bones Hyland,24,2TM,PG,21,0,229,97,3,0,0,0,-9.5,-13.3,16,7,17,1,10,0,69,1,5,,hylanbo01
422,Bones Hyland,24,LAC,PG,20,0,222,100,0,0,0,0,-8.8,-12.6,16,7,16,1,10,0,66,1,5,,hylanbo01
422,Bones Hyland,24,MIN,PG,1,0,7,0,100,0,0,0,-29.1,-33.5,0,0,1,0,0,0,3,0,0,,hylanbo01
423,Jevon Carter,29,CHI,PG,30,0,228,92,8,0,0,0,-0.1,3.0,4,5,5,0,5,0,71,2,4,,carteje01
424,Kobe Brown,25,LAC,PF,32,0,227,0,0,1,56,43,-12.0,-16.0,4,2,12,1,4,1,44,3,2,,brownko01
425,Jaden Springer,22,2TM,SG,33,0,224,18,62,20,0,0,1.3,-1.1,4,4,7,2,13,1,51,1,3,,sprinja01
425,Jaden Springer,22,BOS,SG,26,0,141,24,52,24,0,0,6.9,-1.4,1,1,6,2,9,0,22,1,3,,sprinja01
425,Jaden Springer,22,UTA,PG,7,0,83,10,78,12,0,0,-8.2,-0.7,3,3,1,0,4,1,29,0,0,,sprinja01
426,Dominick Barlow,21,ATL,SF,23,3,223,0,0,6,83,11,-7.8,-6.1,1,1,16,1,7,2,22,3,6,,barlodo01
427,Ariel Hukporti,22,NYK,C,25,1,217,0,0,0,8,92,-13.4,-19.3,12,5,24,4,6,0,27,1,2,,hukpoar01
428,Jordan McLaughlin,28,2TM,PG,36,0,217,100,0,0,0,0,9.0,8.5,7,5,8,0,5,5,85,1,4,,mclaujo01
428,Jordan McLaughlin,28,SAC,PG,28,0,190,100,0,0,0,0,0.4,-0.7,6,5,8,0,4,5,61,0,4,,mclaujo01
428,Jordan McLaughlin,28,SAS,PG,8,0,27,100,0,0,0,0,69.6,73.0,1,0,0,0,1,0,24,1,0,,mclaujo01
429,Pat Spencer,28,GSW,PG,32,0,215,77,23,0,0,0,-1.9,-5.0,11,3,9,1,8,2,89,1,10,,spencpa01
430,Marvin Bagley III,25,2TM,PF,24,1,212,0,0,0,14,86,-3.5,4.4,6,4,10,0,14,1,17,3,3,,baglema01
430,Marvin Bagley III,25,WAS,C,19,1,166,0,0,0,16,84,-7.4,4.4,6,4,9,0,12,1,17,3,3,,baglema01
430,Marvin Bagley III,25,MEM,PF,5,0,46,0,0,0,7,93,10.5,4.7,0,0,1,0,2,0,0,0,0,,baglema01
431,Xavier Tillman Sr.,26,BOS,C,29,1,207,0,0,1,71,28,-1.2,-10.1,2,7,12,1,1,0,20,0,4,,tillmxa01
432,Dario Šarić,30,DEN,C,15,4,203,0,0,0,4,96,-10.0,-15.4,9,3,10,1,5,1,54,0,8,,saricda01
433,Luka Garza,26,MIN,C,33,0,202,0,0,0,28,73,0.3,-4.3,2,2,18,4,15,4,25,3,8,,garzalu01
434,Torrey Craig,34,2TM,SF,18,2,199,0,13,24,61,3,-7.5,-9.7,1,1,14,0,5,1,20,0,2,,craigto01
434,Torrey Craig,34,CHI,SF,9,1,113,0,0,14,83,3,-8.1,-5.4,0,0,9,0,2,1,11,0,2,,craigto01
434,Torrey Craig,34,BOS,SF,9,1,86,0,29,37,32,2,-6.7,-15.3,1,1,5,0,3,0,9,0,0,,craigto01
435,Lonnie Walker IV,26,PHI,SG,10,1,192,23,69,9,0,0,-19.1,-14.9,8,1,6,0,5,0,49,1,4,,walkelo01
436,Cam Spencer,24,MEM,SG,16,0,187,50,45,6,0,0,1.4,-4.7,3,0,5,1,5,1,57,2,1,,spencca01
437,Garrett Temple,38,TOR,SG,23,0,174,26,52,22,0,0,-3.2,2.0,3,5,14,0,4,2,62,0,3,,templga01
438,Jaylen Nowell,25,NOP,SG,8,0,168,95,6,0,0,0,-12.9,-4.1,6,1,7,0,6,1,41,1,3,,nowelja01
439,Killian Hayes,23,BRK,PG,6,5,162,94,6,0,0,0,-5.1,1.5,7,1,8,0,4,3,75,0,1,,hayeski01
440,Collin Gillespie,25,PHO,PG,20,1,160,91,9,0,0,0,9.7,11.3,2,2,11,1,5,1,67,1,5,,gilleco01
441,Baylor Scheierman,24,BOS,SG,19,0,159,2,48,48,1,0,0.2,-8.5,1,1,5,0,2,3,35,0,1,,scheiba01
442,Jared Rhoden,25,2TM,SG,10,2,159,3,39,54,4,0,9.3,15.3,6,1,6,0,8,0,19,0,6,,rhodeja01
442,Jared Rhoden,25,CHO,SG,4,0,12,0,0,100,0,0,32.0,40.4,0,1,0,0,0,0,5,0,0,,rhodeja01
442,Jared Rhoden,25,TOR,SG,6,2,147,4,42,50,4,0,7.5,13.2,6,0,6,0,8,0,14,0,6,,rhodeja01
443,Colby Jones,22,2TM,SG,26,0,157,3,51,46,0,0,-1.4,-0.2,5,1,7,0,0,1,25,0,3,,jonesco02
443,Colby Jones,22,SAC,SG,24,0,130,4,48,48,0,0,4.5,3.6,4,1,6,0,0,1,19,0,3,,jonesco02
443,Colby Jones,22,WAS,SG,2,0,27,0,63,37,0,0,-29.7,-18.3,1,0,1,0,0,0,6,0,0,,jonesco02
444,Tyler Kolek,23,NYK,PG,31,0,155,100,0,0,0,0,-4.6,-9.7,7,2,8,0,2,0,57,0,2,,kolekty01
445,Josh Richardson,31,MIA,SG,8,0,150,42,47,11,0,0,-10.5,-9.3,4,1,7,3,2,1,30,0,3,,richajo01
446,AJ Johnson,20,2TM,SG,14,1,150,40,51,9,0,0,2.7,10.6,6,4,5,1,5,0,70,2,3,,johnsaj01
446,AJ Johnson,20,MIL,SG,7,0,44,41,54,6,0,0,10.8,9.2,2,2,0,0,1,0,21,0,3,,johnsaj01
446,AJ Johnson,20,WAS,SG,7,1,106,40,50,11,0,0,-0.7,11.2,4,2,5,1,4,0,49,2,0,,johnsaj01
447,Drew Peterson,25,BOS,PF,18,1,149,0,0,40,57,3,20.2,12.5,3,2,7,0,3,1,31,0,2,,peterdr01
448,Bruno Fernando,26,TOR,C,17,2,147,0,0,0,0,100,-7.1,-2.1,6,1,12,3,4,0,40,0,7,,fernabr01
449,MarJon Beauchamp,24,3TM,SF,30,0,144,0,5,46,49,0,1.6,-0.3,7,4,7,1,8,1,23,0,5,,beaucma01
449,MarJon Beauchamp,24,MIL,SF,26,0,122,0,6,44,51,0,3.6,1.9,5,4,6,1,6,1,17,0,5,,beaucma01
449,MarJon Beauchamp,24,LAC,SF,3,0,17,0,0,74,26,0,2.3,-0.7,1,0,1,0,2,0,6,0,0,,beaucma01
449,MarJon Beauchamp,24,NYK,SF,1,0,5,0,0,0,100,0,-50.0,-54.7,1,0,0,0,0,0,0,0,0,,beaucma01
450,Enrique Freeman,24,IND,PF,20,1,139,0,3,52,44,0,-18.8,-20.9,4,0,12,1,4,1,20,1,3,,freemen01
451,Elijah Harkless,24,UTA,SG,10,0,138,3,46,51,0,0,9.9,18.2,1,0,8,1,3,4,22,0,0,,harklej01
452,Mitchell Robinson,26,NYK,C,8,1,129,0,0,0,15,86,15.7,11.6,3,1,8,1,2,0,11,1,0,,robinmi01
453,Kobe Bufkin,21,ATL,SG,10,0,124,83,17,0,0,0,-9.5,-7.7,4,2,5,0,9,1,37,2,6,,bufkiko01
454,Branden Carlson,25,OKC,C,20,0,121,0,0,0,0,100,8.3,-4.6,1,2,10,0,2,0,18,0,2,,carlsbr01
455,De'Anthony Melton,26,GSW,SG,6,2,121,52,38,10,0,0,14.4,12.0,2,3,6,1,1,1,38,0,1,,meltode01
456,Moses Brown,25,2TM,C,13,2,119,0,0,0,0,100,-3.2,-3.5,5,0,16,1,7,0,5,3,3,,brownmo01
456,Moses Brown,25,IND,C,9,0,46,0,0,0,0,100,-7.4,-8.8,3,0,5,1,3,0,0,1,0,,brownmo01
456,Moses Brown,25,DAL,C,4,2,73,0,0,0,0,100,-0.5,-0.1,2,0,11,0,4,0,5,2,3,,brownmo01
457,Alex Reese,25,2TM,PF,9,0,116,0,0,0,71,29,26.2,32.1,3,0,8,1,2,2,5,1,0,,reeseal01
457,Alex Reese,25,OKC,PF,1,0,2,0,0,0,0,100,100.0,87.3,0,0,0,0,0,0,0,0,0,,reeseal01
457,Alex Reese,25,PHI,PF,8,0,114,0,0,0,72,28,24.9,31.1,3,0,8,1,2,2,5,1,0,,reeseal01
458,Damion Lee,32,PHO,SG,18,0,109,0,54,40,6,0,6.1,7.4,4,3,2,1,5,0,20,1,3,,leeda03
459,Maxwell Lewis,22,2TM,SF,16,0,109,0,36,56,8,0,1.3,5.8,1,3,4,0,1,0,16,0,2,,lewisma05
459,Maxwell Lewis,22,LAL,SF,7,0,29,0,29,61,11,0,-46.0,-48.7,0,2,1,0,0,0,5,0,0,,lewisma05
459,Maxwell Lewis,22,BRK,SF,9,0,80,0,38,54,7,0,18.4,25.6,1,1,3,0,1,0,11,0,2,,lewisma05
460,Joe Ingles,37,MIN,SF,18,0,108,0,27,69,4,0,-5.9,-10.5,5,1,4,1,0,0,51,0,1,,inglejo01
461,Adam Flagler,25,OKC,SG,27,0,105,86,14,0,0,0,-7.0,-20.4,0,0,8,1,0,0,0,0,1,,flaglad01
462,TyTy Washington Jr.,23,PHO,PG,13,0,103,31,64,5,0,0,-6.1,-5.2,2,0,3,0,2,0,34,0,0,,washity02
463,Patrick Baldwin Jr.,22,WAS,SF,22,0,101,0,0,61,39,0,11.4,23.6,2,3,4,0,1,0,4,0,2,,baldwpa01
464,Oscar Tshiebwe,25,UTA,C,7,0,100,0,0,0,63,37,9.5,17.6,0,0,8,1,7,1,8,2,2,,tshieos01
465,Pacome Dadiet,19,NYK,SG,15,0,98,0,23,54,23,0,-6.8,-11.8,2,0,2,0,2,1,11,1,1,,dadiepa01
466,Lamar Stevens,27,MEM,PF,9,0,97,0,6,32,61,1,27.6,22.4,4,1,2,0,4,1,13,1,5,,stevela01
467,Markieff Morris,35,2TM,PF,12,0,97,0,0,0,61,39,-6.5,-7.7,1,2,6,0,2,0,28,0,1,,morrima02
467,Markieff Morris,35,DAL,PF,7,0,41,0,0,0,59,41,-11.1,-10.8,1,1,2,0,0,0,10,0,0,,morrima02
467,Markieff Morris,35,LAL,PF,5,0,56,0,0,0,63,37,-3.1,-5.5,0,1,4,0,2,0,18,0,1,,morrima02
468,Bronny James,20,LAL,SG,20,0,94,69,31,0,0,0,-4.1,-6.5,4,2,4,0,6,0,17,1,2,,jamesbr02
469,Jae Crowder,34,SAC,PF,7,2,92,0,0,75,25,0,-6.3,-7.6,4,0,8,0,2,0,9,0,1,,crowdja01
470,Oshae Brissett,26,PHI,SF,3,1,91,0,0,37,30,33,-3.0,2.2,3,5,3,0,4,2,8,2,1,,brissos01
471,Jalen Hood-Schifino,21,2TM,SG,5,0,88,0,56,44,0,0,-1.8,2.2,0,1,6,1,1,1,14,0,0,,hoodsja01
471,Jalen Hood-Schifino,21,LAL,SG,2,0,14,0,90,10,0,0,23.2,21.1,0,1,2,0,0,0,2,0,0,,hoodsja01
471,Jalen Hood-Schifino,21,PHI,SG,3,0,74,0,50,51,0,0,-6.5,-1.4,0,0,4,1,1,1,12,0,0,,hoodsja01
472,Jeenathan Williams,25,HOU,SG,14,0,86,2,81,17,0,0,-3.8,-8.3,5,2,6,1,1,0,13,0,0,,willije02
473,Trey Alexander,21,DEN,SG,20,0,85,65,34,1,0,0,-6.7,-11.5,0,1,5,1,1,0,21,0,0,,alexatr01
474,Tyler Smith,20,MIL,PF,18,0,85,0,0,0,31,69,7.8,6.2,2,2,4,1,2,2,9,0,1,,smithty02
475,Isaiah Jackson,23,IND,C,5,1,84,0,0,0,0,100,6.2,5.2,2,0,8,3,6,0,12,0,2,,jacksis01
476,Markelle Fultz,26,SAC,PG,11,0,81,79,21,0,0,0,6.3,5.4,8,1,2,1,1,0,24,1,2,,fultzma01
477,Marcus Garrett,26,CHO,SG,4,0,79,0,60,40,0,0,-23.7,-15.8,3,0,6,0,0,0,30,0,3,,garrema01
478,Alex Ducas,24,OKC,SG,17,0,76,4,64,27,5,0,-14.7,-28.1,1,0,5,1,0,0,5,0,1,,ducasal01
479,Taylor Hendricks,21,UTA,PF,3,3,75,0,0,72,28,0,-13.1,-5.7,2,0,5,0,2,0,4,0,0,,hendrta01
480,Chris Duarte,27,CHI,SG,17,0,74,13,83,5,0,0,5.5,8.5,0,1,3,0,4,1,19,2,1,,duartch01
481,Chris Livingston,21,MIL,SF,16,1,73,0,0,8,61,31,-10.6,-12.6,1,3,1,1,5,0,4,2,4,,livinch01
482,Pete Nance,24,2TM,PF,8,0,70,0,0,0,3,97,-8.7,-3.9,0,0,4,0,0,0,8,0,1,,nancepe01
482,Pete Nance,24,PHI,C,7,0,68,0,0,0,0,100,-8.4,-3.4,0,0,4,0,0,0,8,0,1,,nancepe01
482,Pete Nance,24,MIL,PF,1,0,2,0,0,0,100,0,-20.0,-21.7,0,0,0,0,0,0,0,0,0,,nancepe01
483,Matt Ryan,27,NYK,SF,19,0,68,0,15,57,28,0,-26.9,-32.2,2,1,1,0,0,1,7,0,2,,ryanma01
484,Armel Traoré,22,LAL,SF,9,0,67,0,0,51,49,0,-36.8,-39.8,0,2,0,1,2,0,3,1,1,,armeltr01
485,Vlatko Čančar,27,DEN,PF,8,0,67,0,0,2,50,48,-0.4,-4.9,3,1,2,1,0,1,6,0,1,,cancavl01
486,Kylor Kelley,27,DAL,C,8,1,67,0,0,0,8,92,-27.6,-27.8,1,0,6,0,2,0,5,0,0,,kelleky01
487,Stanley Umude,25,MIL,SG,20,0,65,0,39,56,5,0,-8.2,-10.2,2,0,3,0,2,0,6,0,1,,umudest01
488,Yuki Kawamura,23,MEM,PG,20,0,63,100,0,0,0,0,6.3,0.5,3,1,2,0,1,1,32,0,0,,kawamyu01
489,Sidy Cissoko,20,2TM,SF,20,0,60,0,0,88,12,0,-0.9,2.1,2,1,4,0,2,0,15,0,2,,cissosi01
489,Sidy Cissoko,20,SAS,SF,17,0,54,0,0,93,7,0,4.5,7.4,2,0,4,0,2,0,15,0,2,,cissosi01
489,Sidy Cissoko,20,POR,SF,3,0,6,0,0,43,57,0,-49.5,-45.6,0,1,0,0,0,0,0,0,0,,cissosi01
490,Spencer Jones,23,DEN,SF,15,0,59,0,19,81,0,0,-15.6,-20.4,1,0,6,0,0,0,6,0,0,,jonessp01
491,Dariq Whitehead,20,BRK,SF,10,0,59,0,9,61,24,7,-4.5,2.0,2,3,1,0,2,0,2,1,1,,whiteda01
492,Jazian Gortman,21,DAL,PG,16,0,57,77,23,0,0,0,10.1,10.7,1,3,4,0,0,0,14,0,1,,gortmja01
493,Liam Robbins,25,MIL,C,13,0,57,0,0,0,0,100,-2.7,-4.5,3,1,5,2,5,0,6,0,3,,robbili01
494,Keshad Johnson,23,MIA,SF,10,0,57,0,0,32,64,4,1.8,3.5,1,2,4,0,2,0,6,0,1,,johnske10
495,Luke Travers,23,CLE,SG,9,0,55,0,1,72,27,0,0.8,-10.2,3,2,1,0,1,0,11,0,3,,travelu01
496,Kevin Knox,25,GSW,SF,7,0,51,0,6,85,9,0,-7.7,-10.7,0,1,4,0,2,0,11,0,0,,knoxke01
497,JT Thor,22,2TM,PF,10,0,50,0,0,0,94,6,-23.9,-31.6,3,2,2,1,4,0,3,0,0,,thorjt01
497,JT Thor,22,CLE,PF,9,0,42,0,0,0,92,8,-33.7,-45.1,3,2,2,1,4,0,3,0,0,,thorjt01
497,JT Thor,22,WAS,PF,1,0,8,0,0,0,100,0,27.9,39.5,0,0,0,0,0,0,0,0,0,,thorjt01
498,PJ Hall,22,DEN,C,16,0,49,0,0,0,0,100,-14.4,-19.2,0,1,3,0,2,0,8,0,2,,hallpj01
499,Jacob Toppin,24,NYK,SF,16,0,49,0,0,33,67,0,-13.9,-18.8,1,0,2,1,0,0,10,0,1,,toppija01
500,Jaylen Martin,21,2TM,SF,7,0,46,0,11,48,42,0,-9.9,1.1,2,1,1,0,0,0,8,0,0,,martija02
500,Jaylen Martin,21,BRK,SF,3,0,5,0,0,34,66,0,-7.1,-0.5,0,0,1,0,0,0,0,0,0,,martija02
500,Jaylen Martin,21,WAS,SF,4,0,41,0,12,50,39,0,-10.3,1.3,2,1,0,0,0,0,8,0,0,,martija02
501,Malachi Flynn,26,CHO,PG,4,0,44,100,0,0,0,0,3.8,12.3,2,2,3,0,3,0,16,1,0,,flynnma01
502,Mason Jones,26,SAC,SG,9,0,43,7,57,37,0,0,-1.5,-2.6,1,0,1,0,3,0,24,1,0,,jonesma05
503,Jackson Rowe,28,GSW,PF,5,0,43,0,0,37,64,0,11.6,8.9,0,1,1,0,2,0,8,0,0,,roweja01
504,Cam Christie,19,LAC,SG,8,0,41,12,87,1,0,0,12.5,9.7,1,0,1,0,1,0,12,0,1,,chrisca02
505,JD Davison,22,BOS,PG,9,0,39,100,0,0,0,0,-50.0,-59.0,2,4,1,0,2,0,6,0,0,,davisjd01
506,James Johnson,37,IND,PF,12,0,37,0,0,52,49,0,-11.3,-12.7,1,2,4,0,1,0,8,1,0,,johnsja01
507,Isaiah Crawford,23,SAC,SF,11,0,37,0,0,68,32,0,16.4,15.6,1,0,0,0,0,0,0,0,0,,crawfis01
508,PJ Dozier,28,MIN,SG,9,0,35,0,100,0,0,0,-2.4,-6.9,1,0,1,0,2,0,10,0,0,,doziepj01
509,Chuma Okeke,26,PHI,PF,3,0,35,0,0,3,62,35,-6.6,-1.5,0,1,1,0,0,0,5,0,0,,okekech01
510,E.J. Liddell,24,CHI,PF,7,0,33,0,0,0,0,100,8.5,11.5,0,1,2,1,1,0,9,0,0,,liddeej01
511,D.J. Carton,24,TOR,SG,4,0,33,33,67,0,0,0,16.0,21.4,1,3,1,0,1,0,7,1,2,,cartodj01
512,Daeqwon Plowden,26,ATL,SG,2,0,33,0,0,60,40,0,12.0,14.3,1,0,2,0,1,0,0,0,0,,plowdda01
513,Ulrich Chomche,19,TOR,PF,7,0,32,0,0,0,5,96,-42.5,-37.7,1,1,5,0,0,0,5,0,0,,chomcul01
514,Tony Bradley,27,IND,C,6,0,31,0,0,0,0,100,1.3,0.1,0,2,1,1,0,0,7,0,1,,bradlto01
515,Bryce McGowens,22,POR,SG,11,0,28,72,16,12,0,0,-5.2,-1.3,3,0,1,0,3,0,2,1,1,,mcgowbr01
516,Josh Christopher,23,MIA,SG,8,0,28,73,27,0,0,0,-7.9,-6.3,4,0,0,0,1,0,9,0,1,,chrisjo01
517,Jack McVeigh,28,HOU,PF,7,0,28,0,0,35,58,6,8.1,3.8,0,1,1,0,0,0,3,0,0,,mcveija01
518,Matisse Thybulle,27,POR,SG,2,0,28,0,33,67,0,0,38.4,42.7,0,0,0,0,0,0,8,0,0,,thybuma01
519,Leonard Miller,21,MIN,SF,10,0,27,0,0,17,59,24,-23.2,-27.8,1,0,2,0,3,0,0,0,1,,millele01
520,Emoni Bates,21,CLE,SF,7,0,27,0,0,47,53,0,-29.6,-40.8,0,0,1,0,0,0,9,0,0,,batesem01
521,Jalen Bridges,23,PHO,SF,5,0,25,0,0,77,23,0,-6.3,-5.2,0,4,0,0,1,0,0,0,0,,bridgja01
522,RayJ Dennis,23,IND,PG,8,0,23,100,0,0,0,0,-4.4,-5.6,3,0,1,0,1,0,12,0,0,,dennira01
523,Malevy Leons,25,OKC,SF,6,0,21,0,0,0,100,0,-42.3,-55.4,0,1,3,0,2,0,2,0,1,,leonsma01
524,Adama Sanogo,22,CHI,C,4,0,21,0,0,0,0,100,-13.9,-11.1,0,1,1,0,0,0,2,0,1,,sanogad01
525,Justin Minaya,25,POR,SF,8,0,20,0,15,70,15,0,-42.5,-38.8,0,0,3,0,0,0,5,0,0,,minayju01
526,Taze Moore,26,POR,SG,2,0,20,85,15,0,0,0,-17.3,-13.4,1,0,0,0,1,0,3,0,1,,mooreta02
527,N'Faly Dante,23,HOU,C,1,0,19,0,0,0,0,100,7.6,3.2,0,0,3,1,2,0,3,1,0,,nfalyda01
528,David Duke Jr.,25,SAS,SG,4,0,18,38,8,21,32,0,20.4,23.3,1,0,0,0,1,0,7,0,0,,dukeda01
529,Bobi Klintman,21,DET,SF,6,0,17,0,0,0,100,0,9.3,6.9,0,1,2,0,0,0,2,0,0,,klintbo01
530,Lester Quiñones,24,PHI,SG,4,0,17,14,57,29,0,0,-10.0,-4.9,2,1,0,0,1,0,2,1,0,,quinole01
531,Harrison Ingram,22,SAS,SF,3,0,17,0,39,0,61,0,44.4,47.5,0,0,1,0,0,0,3,0,0,,ingraha01
532,Yuri Collins,23,GSW,PG,2,0,16,100,0,0,0,0,-8.3,-11.2,0,0,3,0,0,0,9,0,0,,colliyu01
533,Trentyn Flowers,19,LAC,SF,2,0,16,0,9,91,0,0,35.9,33.1,0,1,1,0,1,0,0,1,0,,flowetr01
534,Tristen Newton,23,2TM,SG,8,0,16,10,90,0,0,0,-16.1,-18.9,1,0,1,0,0,0,5,0,1,,newtotr01
534,Tristen Newton,23,IND,SG,5,0,8,5,95,0,0,0,-19.7,-21.0,1,0,1,0,0,0,3,0,0,,newtotr01
534,Tristen Newton,23,MIN,SG,3,0,8,16,84,0,0,0,-12.5,-16.9,0,0,0,0,0,0,2,0,1,,newtotr01
535,Nae'Qwan Tomlin,24,CLE,PF,3,0,14,0,0,0,100,0,-3.6,-14.5,0,0,2,0,2,0,0,1,1,,tomlina01
536,Daishen Nix,22,MIN,PG,3,0,13,100,0,0,0,0,28.2,24.0,1,2,1,0,1,0,7,0,0,,nixda01
537,Cole Swider,25,DET,SF,2,0,13,0,0,0,74,26,37.0,34.7,0,0,1,0,0,0,3,0,0,,swideco01
538,Skal Labissière,28,SAC,PF,4,0,12,0,0,0,0,100,-10.0,-11.0,0,0,1,0,0,0,3,0,0,,labissk01
539,Cui Yongxi,21,BRK,SG,5,0,10,0,38,62,0,0,-3.0,3.6,0,0,0,0,1,0,0,0,1,,cuiyo01
540,Daniss Jenkins,23,DET,PG,5,0,10,100,0,0,0,0,-73.9,-76.5,1,0,1,0,0,0,0,0,0,,jenkida01
541,Keion Brooks Jr.,24,NOP,SF,2,0,10,0,0,90,10,0,-45.5,-36.6,0,0,1,0,1,0,2,0,0,,brookke02
542,Quincy Olivari,23,LAL,PG,2,0,10,26,74,0,0,0,-85.7,-88.2,1,0,0,0,0,0,2,0,0,,olivaqu01
543,Jalen McDaniels,27,WAS,SF,4,0,7,0,0,60,33,7,15.1,26.7,0,0,0,0,0,0,3,0,0,,mcdanja01
544,Anton Watson,24,NYK,SF,2,0,7,0,0,0,0,100,-46.7,-51.4,1,0,0,0,0,0,5,0,1,,watsoan02
545,Riley Minix,24,SAS,SF,1,0,7,0,0,0,100,0,6.7,9.5,0,0,0,0,0,0,0,0,0,,minixri01
546,Jesse Edwards,24,MIN,C,2,0,5,0,0,0,0,100,-100.0,-104.5,0,0,1,0,0,0,2,0,0,,edwarje01
547,Jamaree Bouyea,25,MIL,PG,1,0,5,100,0,0,0,0,-9.1,-10.8,0,0,0,0,0,0,3,0,0,,bouyeja01
548,Mac McClung,26,ORL,SG,1,0,5,0,100,0,0,0,100.0,102.1,0,0,0,0,0,0,6,0,0,,mccluma01
549,James Wiseman,23,IND,C,1,0,5,0,0,0,0,100,-23.5,-24.7,0,0,0,0,1,0,0,0,0,,wisemja01
550,Miles Norris,24,BOS,PF,1,0,4,0,0,0,100,0,-39.3,-47.6,0,0,0,0,0,0,0,0,0,,norrimi01
551,Alondes Williams,25,DET,SG,1,0,4,0,100,0,0,0,71.4,69.0,0,0,0,0,0,0,3,0,0,,willial06
552,Zyon Pullin,23,MEM,SG,3,0,3,0,100,0,0,0,0.0,-5.9,0,0,0,0,0,0,0,0,0,,pullizy01
553,Jahlil Okafor,29,IND,C,1,0,3,0,0,0,0,100,80.4,79.2,0,0,0,0,0,0,2,0,0,,okafoja01
554,Emanuel Miller,24,CHI,PF,1,0,2,0,0,0,100,0,-40.0,-37.1,0,0,0,0,0,0,0,0,0,,milleem01
555,Jahmir Young,24,CHI,PG,1,0,2,100,0,0,0,0,-40.0,-37.1,0,0,0,0,0,0,2,0,0,,youngja05
